rec_id,given_name,surname,street_number,address_1,address_2,suburb,postcode,state,date_of_birth,age,phone_number,soc_sec_id,given_name_duplicate,surname_duplicate,street_number_duplicate,address_1_duplicate,address_2_duplicate,suburb_duplicate,postcode_duplicate,state_duplicate,date_of_birth_duplicate,age_duplicate,phone_number_duplicate,soc_sec_id_duplicate
0.0,chloe,lane,214.0,gellibrand street,,dingley village,2095.0,wa,19230720.0,,07 59659513,6364326,chloe,lane,214.0,gellibrand street,,dingley village,2095.0,wa,19230702.0,,07 59659513,6364326
1.0,gabriella,,12.0,milford street,,dakabin,2227.0,vic,19600115.0,22.0,04 81631418,4841193,gabriella,,12.0,milford street,,dakabin,2227.0,vic,19600115.0,38.0,04 81631418,4841193
2.0,kristo,chambers,2.0,harrington circuit,kinlet cottage,melbourne,4875.0,vic,19200417.0,,07 91336560,8525101,kristo,chambers,2.0,harringtkn circuit,kinlet cottage,melbourne,4875.0,vic,19200417.0,,07 91336560,8525101
3.0,,land,18.0,lethbridge street,rosebrook est,lavington,3058.0,vic,19790515.0,27.0,,9805993,,land,18.0,lethbridgestreet,rosebrook est,lavington,3058.0,vic,19790515.0,27.0,,9805993
4.0,timothy,muller,82.0,lanley square,,rossmoyne,2099.0,nsw,19120722.0,29.0,07 92316806,5328658,timorhy,muller,82.0,lanley square,,rossmoyne,2099.0,nsw,19120722.0,29.0,07 92316806,5328658
5.0,latham,hummel,46.0,cooling place,,dubbo,3057.0,nsw,19611014.0,30.0,07 15828116,4123091,latham,hummel,46.0,cooling place,,dub bo,3057.0,nsw,19611014.0,30.0,07 15828116,4123091
6.0,mikaela,nes,36.0,beirne street,,raby bay,2160.0,nt,19990509.0,26.0,08 73958146,1057852,mikaela,nrs,36.0,beirne street,,raby bay,2160.0,nt,19990509.0,26.0,08 73958146,1057852
7.0,makayla,paterson,39.0,hazlitt glade,,gerroa,3056.0,vic,19631025.0,28.0,07 42516513,8197380,makayla,pateron,39.0,hazlitt glade,,gerroa,3056.0,vic,19631025.0,28.0,07 42516513,8197380
8.0,harrison,jones,31.0,cowan street,,warragul,5064.0,qld,19621010.0,38.0,04 01881208,7131819,harrison,jones,32.0,cowan street,,warragul,5064.0,qld,19621010.0,38.0,04 01881208,7131819
9.0,jarryd,howard,21.0,bimberi crescent,,south yunderup,3765.0,vic,19170728.0,,08 12275283,4785647,jarryd,howard,28.0,bimberi crescent,,south yunderup,3765.0,vic,19170728.0,,08 12275283,4785647
10.0,riley,fitt,69.0,limestone avenue,,coombabah,4300.0,vic,19381006.0,32.0,02 82736226,5975454,riley,,69.0,limestone avenue,,coombabah,4300.0,vic,19381006.0,32.0,02 82736226,5975454
11.0,riley,farquhar,48.0,roderick street,,mermaid beach,3690.0,nsw,19620422.0,30.0,04 97651773,6800803,riley,farquhar,48.0,,,mermaid beach,3690.0,nsw,19620422.0,30.0,04 97651773,6800803
12.0,emiily,rumney,46.0,learmonth drive,,windsor,2446.0,nsw,19320826.0,36.0,04 05410406,3263628,emiily,rumney,46.0,learmonth drive,,windsor,2446.0,nss,19320826.0,36.0,04 05410406,3263628
13.0,gianni,parletta,23.0,currey street,anglewood,wilmington,820.0,nsw,19460701.0,31.0,04 02309483,8937453,gianni,parletta,23.0,currey street,anglewood,wilmington,820.0,nsw,19460701.0,31.0,04 02302483,8937453
14.0,nicole,hollis,3.0,catchpole street,,indooroopilly,2049.0,vic,19960508.0,24.0,08 23267655,1040924,nicole,hollis,3.0,catchpole street,,indooroopilly,2049.0,vic,19960608.0,24.0,08 23267655,1040924
15.0,jessica,mcinnis,28.0,rapanea street,rose cottage,moorooka,3000.0,sa,19910109.0,22.0,02 40032086,9533878,jessica,mcinnis,28.0,rapaneastreet,rose cottage,moorooka,3000.0,sa,19910109.0,22.0,02 40032086,9533878
16.0,jordan,ferguson,34.0,maddison close,,kariong,3073.0,sa,19330923.0,25.0,02 62947262,1524896,jordn,ferguson,34.0,maddison close,,kariong,3073.0,sa,19330923.0,25.0,02 62947262,1524896
17.0,bailey,marriot,75.0,callide street,,cecil hills,2250.0,qld,19860426.0,,03 44999493,8709459,bailey,marriot,75.0,callidw street,,cecil hills,2250.0,qld,19860426.0,,03 44999493,8709459
18.0,juliana,lowen,479.0,crisp circuit,the anchorage,baulkham hills,3180.0,nsw,19221109.0,28.0,04 97936907,5072532,jukiana,lowen,479.0,crisp circuit,the anchorage,baulkham hills,3180.0,nsw,19221109.0,28.0,04 97936907,5072532
19.0,dillon,wellstead,38.0,priestley place,mellour court,wentworth falls,3012.0,sa,19900822.0,24.0,03 07864792,5178930,dillon,wellstead,38.0,priestley place,,wentworth falls,3012.0,sa,19900822.0,24.0,03 07864792,5178930
20.0,,tyler,34.0,augustus way,port hills,rosedale,2138.0,sa,19090910.0,27.0,08 48684725,7503478,,tyler,34.0,augustus way,port hikls,rosedale,2138.0,sa,19090910.0,27.0,08 48684725,7503478
21.0,harrison,jacobsen,6.0,sinclair street,,shepparton,2787.0,qld,19731024.0,30.0,08 20856681,5968525,harrison,jacobsen,6.0,sinclair street,,shepparton,2787.0,qld,19731024.0,,08 20856681,5968525
22.0,sophie,hoffmann,11.0,,houghton,bundaberg,4007.0,nsw,19720910.0,32.0,02 33654984,6802181,sophie,hoffmann,11.0,,coolabula,bundaberg,4007.0,nsw,19720910.0,32.0,02 33654984,6802181
23.0,jade,den hartog,77.0,rason place,,tanunda,2360.0,nsw,19270530.0,24.0,07 68868398,6314753,jade,den hartog,77.0,rason place,,tanunda,2360.0,nsw,19270530.0,24.0,02 31990015,6314753
24.0,zac,stebbing,33.0,crossley close,,glen waverley,3071.0,nsw,19510709.0,33.0,07 26139670,5840989,zac,stebbing,3.0,crossley close,,glen waverley,3071.0,nsw,19510709.0,33.0,07 26139670,5840989
25.0,damien,gavallas,1.0,clem hill street,,swansea,7250.0,qld,19930809.0,,08 32985570,1474516,damien,gavallas,1.0,clem hillqstreet,,swansea,7250.0,qld,19930809.0,,08 32985570,1474516
26.0,troy,shugg,6.0,herbert crescent,juadine,moorland,2603.0,nsw,19610524.0,29.0,07 94272812,6884508,troy,shuhg,6.0,herbert crescent,juadine,moorland,2603.0,nsw,19610524.0,29.0,07 94272812,6884508
27.0,keely,ludlow,320.0,,,baulkham hills,3842.0,wa,19731225.0,30.0,08 05597019,7501257,keely,ludlow,322.0,,,baulkham hills,3842.0,wa,19731225.0,30.0,08 05597019,7501257
28.0,max,davis,25.0,mimosa close,loxley road,croydon,2170.0,nsw,19780307.0,36.0,08 94579332,4928485,max,davis,25.0,mimosa close,loxley road,croydon,2170.0,nsw,19780377.0,36.0,08 94579332,4928485
29.0,michael,allie,40.0,barton highway,con crowley village,robinvale,3162.0,vic,19690605.0,25.0,,2215409,michael,allie,40.0,barton highway,con crowley village,robivale,3162.0,vic,19690605.0,25.0,,2215409
30.0,nathan,russell,9.0,chippindall circuit,kookaburra garden,bacchus marsh,3224.0,sa,19040817.0,23.0,04 33581719,3673172,nathan,russell,9.0,chippindall circuit,kookaburra garden,bacchus marsh,3224.0,sa,19040817.0,,04 33581719,3673172
31.0,jessica,allen,83.0,yantara street,,cremorne,2502.0,vic,19840824.0,27.0,07 33700863,8130674,jessica,allen,83.0,yantara street,,cremorne,2502.0,vic,19840824.0,,07 33700863,8130674
32.0,chantelle,finch,20.0,aitken circuit,,frankston south,2225.0,qld,19271021.0,32.0,,6072899,chantelle,finch,20.0,aitken circuit,,frankstn south,2225.0,qld,19271021.0,32.0,,6072899
33.0,leah,tarrant,33.0,gellibrand street,laura downs,griffith,4066.0,sa,19180330.0,25.0,04 60808817,1585432,leag,tarrant,33.0,gellibrand street,laura downs,griffith,4066.0,sa,19180330.0,25.0,04 60808817,1585432
34.0,yasmin,vitone,25.0,hopegood place,digger orchard,lake munmorah,2195.0,nsw,19001213.0,25.0,08 46597401,8530365,yasmin,vitone,25.0,hopegood place,digger orchard,lake munmorah,2195.0,naw,19001213.0,25.0,08 46597401,8530365
35.0,olivia,lane,8.0,eleanora street,,hawker,7330.0,sa,19100504.0,28.0,02 32933352,8180631,olivia,lane,5.0,eleanora street,,hawker,7330.0,sa,19100504.0,28.0,02 32933352,8180631
36.0,teneille,hanel,15.0,temperley street,,shepparton,7030.0,qld,19020210.0,18.0,04 45929914,9046997,teneille,hanel,15.0,temperley street,,shepparton,7003.0,qld,19020210.0,18.0,04 45929914,9046997
37.0,isabella,malley,36.0,musson close,,lyndhurst,2077.0,wa,,31.0,08 48790366,8088366,isabella,malley,36.0,musson lose,,lyndhurst,2077.0,wa,,31.0,08 48790366,8088366
38.0,timothy,nation,7.0,bayley street,,yorkeys knob,3825.0,sa,19540923.0,36.0,04 82343104,9948364,timothy,nation,7.0,bayley street,,yorkeys knob,3825.0,nsw,19540923.0,36.0,04 82343104,9948364
39.0,luke,pepper,10.0,hurwood place,gnalta,narraweena,2170.0,nsw,,28.0,04 26483158,9319519,luke,pepper,10.0,hurwood place,gnalta,narrraweena,2170.0,nsw,,28.0,04 26483158,9319519
40.0,logan,furler,45.0,wilhelmi crescent,,glenroy,2913.0,,19600802.0,24.0,02 97873112,8288939,logan,furler,45.0,wilhelmi crescent,,glenroy,2913.0,,19850720.0,24.0,02 97873112,8288939
41.0,jaden,oakley,40.0,bilby place,,morayfield,3195.0,,19500323.0,33.0,03 73505945,2406971,jaden,oakley,40.0,place bilby,,morayfield,3195.0,,19500323.0,33.0,03 73505945,2406971
42.0,caitlin,bradbury,2.0,bentham street,,warranwood,5034.0,nsw,19850109.0,27.0,03 61153790,2432059,caitlin,bradbury,2.0,bentham sreet,,warranwood,5034.0,nsw,19850109.0,27.0,03 61153790,2432059
43.0,amber,hibberd,49.0,serpentine street,,tewantin,2321.0,vic,19390706.0,39.0,03 46865908,6910815,amber,hibberd,40.0,serpentine street,,tewantin,2321.0,vic,19390706.0,39.0,03 46865908,6910815
44.0,lucy,flanagan,3.0,rennie street,pleasant views,wheelers hill,4211.0,qld,19360820.0,30.0,07 52499090,8689811,lucf,flanagan,3.0,rennie street,pleasant views,wheelers hill,4211.0,qld,19360820.0,30.0,07 52499090,8689811
45.0,schkirra,bosworth,5.0,bennett street,,malanda,4059.0,vic,19061201.0,32.0,07 14725452,3786009,schkirra,bosworth,5.0,bennett street,,malanda,4059.0,vic,19061201.0,32.0,07 14721452,3786009
46.0,miranda,earl,215.0,jardine street,,oatley,5038.0,vic,19520128.0,28.0,08 76239674,2320989,miranda,eark,215.0,jardine street,,oatley,5038.0,vic,19520128.0,28.0,08 76239674,2320989
47.0,cooper,hales,24.0,carpenter close,,waitara,2578.0,nsw,19631008.0,44.0,04 98243278,5907968,cooper,halds,24.0,carpenter close,,waitara,2578.0,nsw,19631008.0,44.0,04 98243278,5907968
48.0,alex,ford,30.0,alli place,,neutral bay,5109.0,,19160501.0,31.0,02 75688768,5700975,alex,ford,30.0,alli place,,neutral bay,5109.0,,19610501.0,31.0,02 75688768,5700975
49.0,d'arcy,hall,19.0,boldrewood street,,ferntree gully,5008.0,vic,19901220.0,30.0,03 50980836,6008124,d'arcy,hall,19.0,boldrewoodq street,,ferntree gully,5008.0,vic,19901220.0,30.0,03 50980836,6008124
50.0,jacob,johnson,170.0,boustead circuit,,craigmore,3666.0,vic,19010222.0,32.0,03 55873497,3526622,jacob,johnson,170.0,boustead circuit,,craigmore,3666.0,vic,19010222.0,32.0,03 55873497,6073143
51.0,sarah,hamdorf,29.0,wattle street,,yeppoon,2285.0,vic,,25.0,02 08567922,7864595,sarah,hamdlrf,29.0,wattle street,,yeppoon,2285.0,vic,,25.0,02 08567922,7864595
52.0,connor,collins,91.0,dwyer street,,bonny hills,4812.0,qld,19410729.0,,02 18041653,9006774,connor,collins,91.0,dwyer street,,bonny hills,4812.0,qld,19410719.0,,02 18041653,9006774
53.0,takeisha,aylett,28.0,whatmore court,kangaroo flat,norman park,2264.0,qld,19950217.0,26.0,08 06126265,4597310,takeisha,aylett,28.0,whatmore court,kangaroo flat,norman park,2264.0,qld,19950217.0,26.0,08 06216265,4597310
54.0,bailee,thomas,7.0,badimara street,westfield shoppingtown,castle hill,4170.0,tas,,33.0,08 16692707,3401032,bailee,thomas,7.0,badimara street,westfield shoppingtown,castl hill,4170.0,tas,,33.0,08 16692707,3401032
55.0,lani,hrdalo,10.0,mattingley court,,karrinyup,3162.0,vic,19280306.0,34.0,02 83323945,6123535,lani,hrdalo,10.0,mattingley court,,karrinyup,3162.0,vci,19280306.0,34.0,02 83323945,6123535
56.0,holly,beck-clark,14.0,giles street,,chadstone,3215.0,nsw,19330130.0,30.0,08 47672606,2962472,holly,beck-clark,14.0,bingham circuit,,chadstone,3215.0,nsw,19330130.0,30.0,08 47672606,2962472
57.0,esther,van boom,9.0,birchall street,springflat,penrith,3150.0,vic,19780714.0,31.0,07 55769472,8653551,esther,van boom,9.0,birchall street,springflat,penrith,3150.0,vic,,31.0,07 55769472,8653551
58.0,thomas,brown,9.0,pennington crescent,blue gum hill,myers flat,3930.0,nsw,19870106.0,24.0,08 21005261,1440755,thomas,brown,9.0,pennington crescent,blue gum hill,myers glat,3930.0,nsw,19870106.0,24.0,08 21005261,1440755
59.0,annalise,green,4.0,renmark street,herritage springs,berkeley vale,3116.0,vic,19951206.0,,03 01564903,5433966,annalise,green,4.0,renmark street,herritage springs,berkeley vale,3116.0,vic,19951806.0,,03 01564903,5433966
60.0,caitlin,bruty,548.0,clive steele avenue,,port augusta,2322.0,qld,19921019.0,31.0,,2913484,caitlin,bruty,548.0,clive steele avenue,,port augusta,2322.0,qld,19912019.0,31.0,,2913484
61.0,benjamin,scuteri,1.0,aspinall street,ilkley,findon,2478.0,vic,19870730.0,38.0,02 10758395,9358162,benjamin,scuteri,1.0,aspinall street,ilkley,findon,2478.0,vic,19870730.0,38.0,02 10758395,9358168
62.0,lachlan,monteleone,6.0,kingsbury street,,torrensville,2042.0,,19670625.0,36.0,08 90056511,6517771,lachlan,monteleone,6.0,kingsbury street,,torrensville,2042.0,,19670625.0,30.0,08 90056511,6517771
63.0,nathan,graziotin,20.0,bonython street,,coffs harbour,2232.0,qld,,,,5593021,nathan,graziltin,20.0,bonython street,,coffs harbour,2232.0,qld,,,,5593021
64.0,david,piles,3.0,elder street,,brighton north,4215.0,vic,19761103.0,35.0,07 27499904,7030241,david,piles,3.0,elder street,,brighton north,4218.0,vic,19761103.0,35.0,07 27499904,7030241
65.0,ella,wiese,64.0,goodwin street,westmeath,edensor park,4211.0,,,23.0,02 12365268,9227299,ella,wiese,64.0,goodwin street,,edensor park,4211.0,,,23.0,02 12365268,9227299
66.0,emiily,hawke,81.0,sternberg crescent,jessfield,blacktown,4350.0,qld,19040404.0,22.0,07 47348328,5579095,emiiy,hawke,81.0,sternberg crescent,jessfield,blacktown,4350.0,qld,19040404.0,22.0,07 47348328,5579095
67.0,jackson,habils,14.0,denovan circuit,wrightville,strathfield,3128.0,sa,19200521.0,23.0,04 73536071,2889317,jackson,habils,14.0,denovan circuit,wrightville,strathfield,3128.0,,19200521.0,23.0,04 73536071,2889317
68.0,anari,pedrazzini,14.0,leichhardt street,,lockyer waters,4220.0,nsw,19191214.0,18.0,02 62992508,3167148,anari,pedrazzini,15.0,leichhardt street,,lockyer waters,4220.0,nsw,19191214.0,18.0,02 62992508,3167148
69.0,courtney,correll,22.0,mcmillan crescent,,mosman,3134.0,wa,19700118.0,,02 97588296,1156436,courtney,correll,20.0,mcmillan crescent,,mosman,3134.0,wa,19700118.0,,02 97588296,1156436
70.0,breana,rowe,765.0,limbunya street,,werribee,2785.0,vic,19450411.0,28.0,04 89860295,8529654,breana,rowe,7651.0,limbunya street,,werribee,2785.0,vic,19450411.0,28.0,04 89860295,8529654
71.0,aidan,klose,13.0,bussau close,noonbarra,west end,3137.0,sa,19261016.0,,04 03824855,1379840,aidan,klose,17.0,bussau close,noonbarra,west end,3137.0,sa,19261016.0,,04 03824855,1379840
72.0,jacqueline,haigh,2.0,beasley street,,oxenford,3938.0,qld,19400101.0,29.0,08 80215921,3740529,jacqueline,haigh,22.0,beasley street,,oxenford,3938.0,qld,19400101.0,29.0,08 80215921,3740529
73.0,sophie,kilgallon,138.0,mcclintock street,,reservoir,4620.0,wa,19810428.0,25.0,02 29366278,5637662,sophie,kilgallon,138.0,mcclintock street,,reservoir,4620.0,wa,19810428.0,25.0,02 29366218,5637662
74.0,liana,rothwell,55.0,moon place,,halls head,4270.0,wa,19160624.0,23.0,07 80925615,4795323,liana,rothwell,55.0,moon place,,halls zhead,4270.0,wa,19160624.0,23.0,07 80925615,4795323
75.0,jenna,leo,101.0,lockyer street,,wangaratta,2630.0,nsw,19341025.0,36.0,08 83079983,9569335,jenna,leo,101.0,lockyer street,,wangaratta,2630.0,nsw,19341925.0,36.0,08 83079983,9569335
76.0,emma,o'brien,12.0,castle place,,howard springs,7248.0,sa,,29.0,03 97657928,6353317,emma,o'brien,12.0,castle place,,howard springs,7428.0,sa,,29.0,03 97657928,6353317
77.0,michaela,hayes,38.0,higinbotham street,,humpty doo,,qld,19710113.0,,03 58627842,7460222,michaela,hayes,38.0,higinbotham street,,humpty doo,,qld,19710213.0,,03 58627842,7460222
78.0,luke,atkinson,13.0,campbell street,,allambee south,3556.0,nsw,,26.0,07 36295829,3969159,lukw,atkinson,13.0,campbell street,,allambee south,3556.0,nsw,,26.0,07 36295829,3969159
79.0,travis,thompson,35.0,highett street,,kardinya,5131.0,vic,19150510.0,32.0,02 82776829,4056976,traviw,thompson,35.0,highett street,,kardinya,5131.0,vic,19150510.0,32.0,02 82776829,4056976
80.0,ava,crawford,134.0,tregellas crescent,,kyneton,4307.0,vic,19020208.0,25.0,02 13586472,5553703,ava,crawford,144.0,tregellas crescent,,kyneton,4307.0,vic,19020208.0,25.0,02 13586472,5553703
81.0,kadin,fogg,,heagney crescent,,upper orara,2170.0,nsw,,19.0,03 91607216,4966325,kadlin,fogg,,heagney crescent,,upper orara,2170.0,nsw,,19.0,03 91607216,4966325
82.0,ella,lamprey,16.0,totterdell street,emuview,wishart,4700.0,nsw,19860911.0,23.0,02 84680392,7829910,ella,lamprey,17.0,totterdell street,emuview,wishart,4700.0,nsw,19860911.0,23.0,02 84680392,7829910
83.0,scott,foreman,63.0,dooring street,,bull creek,2486.0,vic,19110830.0,25.0,04 04502090,9312372,scogt,foreman,63.0,dooring street,,bull creek,2486.0,vic,19110830.0,25.0,04 04502090,9312372
84.0,jenna,elliott,332.0,heysen street,,basin pocket,2671.0,vic,19880814.0,35.0,02 99047810,6433756,jenna,elliott,332.0,heysen street,,basin pocket,2671.0,vic,19880814.0,35.0,02 99047810,6433786
85.0,ethan,shattock,98.0,masters place,,deception bay,2088.0,sa,19711125.0,27.0,,1063308,ethan,shattock,988.0,masters place,,deception bay,2088.0,sa,19711125.0,27.0,,1063308
86.0,william,reeve,29.0,delamere street,redwood village,armadale,3956.0,vic,19891031.0,27.0,04 86901939,1717564,william,reeve,29.0,delamere street,redwood village,armadale,3965.0,vic,19891031.0,27.0,04 86901939,1717564
87.0,william,taylor,148.0,therry place,,hackney,2333.0,qld,19640716.0,24.0,03 90861238,3022209,william,taylor,148.0,,,hackney,2333.0,qld,19640716.0,24.0,03 90861238,3022209
88.0,nathan,wright,22.0,ringrose crescent,,boya,2904.0,nsw,,31.0,,4294965,nathan,wright,22.0,ringrose crescent,,bobya,2904.0,nsw,,31.0,,4294965
89.0,jenna,packer,12.0,jaeger circuit,,thomastown,3000.0,nsw,19210530.0,26.0,07 46813083,8507221,jenna,packer,12.0,jaeger circuit,,thomastown,3000.0,nsw,19210530.0,26.0,07 46813083,8506221
90.0,erin,shay,,cumpston place,,broadwater,3162.0,wa,19740405.0,30.0,04 90091141,1653555,erin,shay,,cumpston place,,broadwatcr,3162.0,wa,19740405.0,30.0,04 90091141,1653555
91.0,xavier,chrysanthou,9.0,strzelecki crescent,,coleambally,6210.0,act,,,07 65919077,1725723,xavier,chrysanthou,9.0,strzelecki crescent,,coleambally,6219.0,act,,,07 65919077,1725723
92.0,oliver,arunachalam,12.0,dowsley place,grange house,gilgandra,2333.0,,19190322.0,,03 12889176,3379208,oliver,arunachalam,12.0,dowsley place,grange house,gilgandra,2333.0,,19190232.0,,03 12889176,3379208
93.0,ella,rayner,780.0,len waters street,,warrnambool,6701.0,nsw,19360208.0,,04 82487805,8716218,ella,rayner,780.0,len waters treet,,warrnambool,6701.0,nsw,19360208.0,,04 82487805,8716218
94.0,jacob,hennig,32.0,violet grover place,glensloy,doncaster,4017.0,nt,19950506.0,33.0,08 70420964,9907818,jacob,hennig,32.0,violet grover place,glensloy,doncaster,4017.0,,19950506.0,33.0,08 70420964,9907818
95.0,brooke,weir,127.0,leahy close,villa 27,mermaid waters,3028.0,tas,19460205.0,26.0,04 57712037,3492857,brooke,weir,127.0,leahy clbose,villa 27,mermaid waters,3028.0,tas,19460205.0,26.0,04 57712037,3492857
96.0,danny,kakoschke,2.0,allchin circuit,,kyeemagh,4011.0,nsw,19330605.0,,03 93714657,5930590,danny,kakoschke,2.0,allchin circuit,,kyeemagh,4011.0,ns,19330605.0,,03 93714657,5930590
97.0,michaela,smith,1.0,davidson street,high nunnock,willetton,3089.0,nsw,19270904.0,37.0,02 94162438,5173769,michaela,smith,1.0,davidson street,high nunnock,willetton,3089.0,njw,19270904.0,37.0,02 94162438,5173769
98.0,finn,,3.0,fitchett street,,jan juc,5453.0,nsw,19110810.0,26.0,03 21861005,3612425,finn,,3.0,fitchett street,,jan juc,5453.0,naw,19110810.0,26.0,03 21861005,3612425
99.0,meg,virgin,15.0,a'beckett street,alloura waters vlge,wendouree,3106.0,vic,19251212.0,21.0,,3527459,meg,virgin,15.0,a'beckett street,alloura waters vlge,wendouree,3106.0,vic,19251212.0,12.0,,3527459
100.0,beau,fitzsimons,363.0,burdekin street,cooltah dairy,riverton,2350.0,nsw,19771031.0,32.0,04 97168619,3013908,beau,fitzsimons,363.0,burdekin street,cooltah dairy,riverton,2350.0,nqw,19771031.0,32.0,04 97168619,3013908
101.0,phillip,dohnt,10.0,bastin place,,walcha,2099.0,sa,19271001.0,24.0,04 26514471,9329530,phillip,dohnt,10.0,bastin place,,walch,2099.0,sa,19271001.0,24.0,04 26514471,9329530
102.0,lachlan,bradley,65.0,drysdale circuit,,bradbury,2196.0,vic,19730925.0,28.0,02 56840964,2958560,lachln,bradley,65.0,drysdale circuit,,bradbury,2196.0,vic,19730925.0,28.0,02 56840964,2958560
103.0,zac,pearce,51.0,tauss place,rogans bridge,keilor east,2095.0,vic,19660626.0,40.0,07 14741726,3547494,zac,pearce,51.0,taussp lace,rogans bridge,keilor east,2095.0,vic,19660626.0,40.0,07 14741726,3547494
104.0,trevor,burner,37.0,gavin place,,berry,2540.0,,19451225.0,,03 45595762,7596794,trevor,burner,37.0,gavin place,,berru,2540.0,,19451225.0,,03 45595762,7596794
105.0,aneka,wilson,73.0,wilsmore crescent,,sunshine,4017.0,vic,,37.0,07 66876335,8687319,aneka,wilson,73.0,wilsmore crescent,,sunshine,4017.0,vic,,37.0,07 66876335,8687391
106.0,harry,gallas,64.0,crisp circuit,,brighton,3073.0,nsw,19880826.0,,03 81299723,5297138,harry,gallas,64.0,crisp circuit,,brightsn,3073.0,nsw,19880826.0,,03 81299723,5297138
107.0,cameron,harvey,7.0,antill street,,kallaroo,4350.0,,19460601.0,29.0,03 37105221,7462613,camerokn,harvey,7.0,antill street,,kallaroo,4350.0,,19460601.0,29.0,03 37105221,7462613
108.0,georgia,brewer,21.0,bell place,,balwyn,4817.0,,19190915.0,31.0,03 24989279,8623980,georgia,brewer,21.0,bell place,,balwyn,4017.0,,19190915.0,31.0,03 24989279,8623980
109.0,emiily,gunzburg,50.0,gannon place,,georgetown,7054.0,wa,19960528.0,32.0,04 30110099,5592262,emiiwy,gunzburg,50.0,gannon place,,georgetown,7054.0,wa,19960528.0,32.0,04 30110099,5592262
110.0,jackson,hoffman,7.0,challinor crescent,,quinns rocks,3021.0,nsw,19060618.0,,07 80154535,5425935,jackson,hoffjan,7.0,challinor crescent,,quinns rocks,3021.0,nsw,19060618.0,,07 80154535,5425935
111.0,james,ditty,23.0,crozier circuit,,leichhardt,2041.0,vic,19700511.0,,04 03372386,8789607,james,ditty,23.0,crozier circuit,,leichhardt,2041.0,vic,19700511.0,,04 03732386,8789607
112.0,marcus,paradiso,431.0,alexander mackie circuit,,lidcombe,2165.0,nsw,,,02 54473348,7362202,marcus,paradiso,431.0,alexander mackie circuit,,lidcombe,2161.0,nsw,,,02 54473348,7362202
113.0,hannah,richards,78.0,millhouse crescent,,buchan point,6028.0,nsw,,25.0,07 72108674,5429572,hannah,richarqds,78.0,millhouse crescent,,buchan point,6028.0,nsw,,25.0,07 72108674,5429572
114.0,madison,cappello,348.0,jackie howe crescent,,yallambie,5453.0,wa,19411108.0,27.0,07 36438059,8738829,madison,cappello,348.0,jackie howe crescent,,yallambie,5453.0,wa,19413108.0,27.0,07 36438059,8738829
115.0,elizabeth,hannavy,5.0,arabana street,,chadstone,5014.0,nsw,19520624.0,,03 35507178,1898151,elizabeth,hannavy,5.0,arabana street,,chadstone,5914.0,nsw,19520624.0,,03 35507178,1898151
116.0,brooke,collins,14.0,badham street,,leichhardt,3765.0,wa,19061002.0,35.0,07 75186419,1151075,brooke,collins,14.0,badham street,,leicharot,3765.0,wa,19061002.0,35.0,07 75186419,1151075
117.0,jackson,crane,129.0,mcvilly close,,innisfail,2795.0,qld,19760811.0,23.0,03 45454138,9048573,jacison,crane,129.0,mcvilly close,,innisfail,2795.0,qld,19760811.0,23.0,03 45454138,9048573
118.0,elijah,ballantyne,227.0,springvale drive,thankful rest caravan park,septimus,3950.0,vic,19710807.0,26.0,08 29131814,4030051,elijah,ballantyne,226.0,springvale drive,thankful rest caravan park,septimus,3950.0,vic,19710807.0,26.0,08 29131814,4030051
119.0,zach,toulantas,19.0,lynch street,,dianella,3163.0,vic,19751024.0,24.0,04 69354326,1348816,zach,toulantas,19.0,lynch street,,dianella,3163.0,vci,19751024.0,24.0,04 69354326,1348816
120.0,kelsey,o'sullivan,3.0,gratwick street,memorial vlge,carlton north,2088.0,vic,,,04 51679372,2712615,kelsey,o'sullivan,3.0,gratwick street,memorial vlge,carltoncnorth,2088.0,vic,,,04 51679372,2712615
121.0,alexander,mcginity,15.0,howie court,briarlea,greta,3337.0,nsw,19370419.0,,03 07726295,1109874,alexander,mcginity,15.0,howie court,briarlea,greta,3337.0,nsw,19370419.0,26.0,03 07726295,1109874
122.0,summer,handley,45.0,pinkerton circuit,currawang,greenwith,2650.0,vic,19720317.0,35.0,02 69615311,4443060,summer,handey,45.0,pinkerton circuit,currawang,greenwith,2650.0,vic,19720317.0,35.0,02 69615311,4443060
123.0,ellouise,dight,27.0,canberra avenue,,west pymble,5019.0,act,19690605.0,27.0,04 78512212,6881806,ellouise,dight,27.0,canberra avenue,,west pymble,5019.0,actj,19690605.0,27.0,04 78512212,6881806
124.0,molly,fahey,55.0,richardson street,,laverton,2160.0,nsw,19420505.0,26.0,03 85508453,4997219,molly,fahey,55.0,richardson street,,laverton,2160.0,nsw,19420575.0,26.0,03 85508453,4997219
125.0,abbey,griffith,7.0,macgregor street,brindabella specialist centre,burwood,2165.0,qld,19190615.0,26.0,03 54964733,4329964,abbey,griffith,7.0,macgregor street,,burwood,2165.0,qld,19190615.0,26.0,03 54964733,4329964
126.0,jake,williams,61.0,giffen close,sondile,kew,4807.0,wa,19020407.0,24.0,07 65853372,1040649,jake,williams,61.0,giffen close,,kew,4807.0,wa,19020407.0,24.0,07 65853372,1040649
127.0,gregory,bateman,25.0,toona place,,lithgow,2456.0,nsw,19670104.0,28.0,03 45085028,5102172,gregory,bateman,25.0,toona place,,lithgow,2456.0,nsw,19670104.0,28.0,03 45085028,5192172
128.0,joel,durham,296.0,kriewaldt circuit,,berriedale,4520.0,nsw,19770706.0,31.0,04 26033648,5964105,joel,durhma,296.0,kriewaldt circuit,,berriedale,4520.0,nsw,19770706.0,31.0,04 26033648,5964105
129.0,ashleigh,alcock,33.0,brennan street,,st clair,4059.0,,19900811.0,34.0,,7255003,ashleigh,alcock,1.0,brennan street,,st clair,4059.0,,19900811.0,34.0,,7255003
130.0,zali,halton,34.0,catani place,fregon comm,st kilda,2529.0,nsw,19620729.0,29.0,07 48127990,3811845,zali,halton,34.0,catani place,fregon comm,st kilda,2529.0,nsw,19620279.0,29.0,07 48127990,3811845
131.0,lucy,wescombe,14.0,sugarloaf circuit,reynolds court,sandstone point,5069.0,qld,,28.0,07 22065181,2907321,lucy,wescombe,14.0,sugarloaf circuit,,sandstone point,5069.0,qld,,28.0,07 22065181,2907321
132.0,ryan,flynn,12.0,paterson street,edina park farm,auburn,2449.0,,19780319.0,25.0,03 81607085,7401697,ryn,flynn,12.0,paterson street,edina park farm,auburn,2449.0,,19780319.0,25.0,03 81607085,7401697
133.0,georgia,hunter,3.0,caley crescent,,davidson,3357.0,vic,19730212.0,40.0,08 64038149,9650075,georgia,hunter,3.0,caley crescent,,davidson,3357.0,vic,19730122.0,40.0,08 64038149,9650075
134.0,courtney,lewis,1.0,priddle street,,invermay,2750.0,nsw,19280304.0,35.0,03 13763686,5472497,courtney,lewis,1.0,priddle street,,inveemay,2750.0,nsw,19280304.0,35.0,03 13763686,5472497
135.0,kimberly,hall,319.0,bizant street,,traralgon,5523.0,nsw,19751129.0,30.0,03 83076421,8289333,kimberly,hall,319.0,bizant street,,trafalgon,5523.0,nsw,19751129.0,30.0,03 83076421,8289333
136.0,abby,chapman,78.0,tanderra crescent,,cranbourne,2034.0,nsw,19020725.0,32.0,08 85456704,3677695,abby,chapman,78.0,tanderra crescent,,cranbourne,2034.0,nsw,19020725.0,33.0,08 85456704,3677695
137.0,april,szabo,32.0,torrens street,,hollywell,3066.0,nsw,19820705.0,32.0,,2786865,april,szao,32.0,torrens street,,hollywell,3066.0,nsw,19820705.0,32.0,,2786865
138.0,samuel,miller,11.0,cockle street,,gympie,4034.0,nsw,19880903.0,30.0,08 64961598,9989980,samuel,miller,16.0,cockle street,,gympie,4034.0,nsw,19880903.0,30.0,08 64961598,9989980
139.0,barkly,potger,6.0,crozier circuit,,hawthorn,3000.0,qld,19100202.0,,03 10929699,9352729,barkly,potger,6.0,crozier circuit,,hawthorn,3000.0,qld,19100202.0,,03 10992699,9352729
140.0,maggie,staughton,36.0,gurrit place,mountain view,alderley,,wa,19110203.0,33.0,07 64611115,1146175,maggie,staughton,36.0,gurrit pkace,mountain view,alderley,,wa,19110203.0,33.0,07 64611115,1146175
141.0,erin,bernhard,116.0,dooring street,,redcliffe,7268.0,sa,19270924.0,24.0,08 96000474,1307591,erin,bernhard,116.0,dooring street,,redcliffe,7268.0,sa,19270024.0,24.0,08 96000474,1307591
142.0,lachlan-john,corby,17.0,astelia place,millamurra,vincentia,2153.0,qld,19391228.0,33.0,02 48225823,8261357,lachlan-john,corby,17.0,astelia place,millamurra,vincentia,2153.0,qld,19392228.0,33.0,02 48225823,8261357
143.0,leo,goldfinch,5929.0,boobialla street,lynian,naremburn,2319.0,sa,19570423.0,,03 17915039,8557378,leo,goldfinch,5929.0,boobialla wtreet,lynian,naremburn,2319.0,sa,19570423.0,,03 17915039,8557378
144.0,samantha,arnall,14.0,henslowe place,,doonside,3142.0,nsw,19340724.0,25.0,08 87181269,4896504,samantha,arnall,14.0,henslowe place,,,3142.0,nsw,19340724.0,25.0,08 87181269,4896504
145.0,joshua,cordon,11.0,wickham crescent,,ashfield,2390.0,wa,19850724.0,,02 20353082,6553903,josnua,cordon,11.0,wickham crescent,,ashfield,2390.0,wa,19850724.0,,02 20353082,6553903
146.0,ella,smith,22.0,mackaness place,,warrnambool,4132.0,vic,19950601.0,30.0,03 85621136,6365228,ella,smith,22.0,mackanesshplace,,warrnambool,4132.0,vic,19950601.0,30.0,03 85621136,6365228
147.0,maya,braithwaite,61.0,bargang crescent,kanyaka,healesville,2620.0,nsw,,,07 74640455,7379891,maya,braihtwaite,61.0,bargang crescent,kanyaka,healesville,2620.0,nsw,,,07 74640455,7379891
148.0,jessica,white,36.0,david street,,bathurst,7320.0,vic,19891121.0,26.0,03 09269170,9122118,jessica,white,36.0,david street,,bathurst,7320.0,vif,19891121.0,26.0,03 09269170,9122118
149.0,elle,lee,2.0,ellerston avenue,rosedale,epping,7000.0,nsw,19160429.0,32.0,03 51056140,7478073,elle,lee,2.0,ellerston avenue,rosedale,epping,7000.0,nsw,19162429.0,32.0,03 51056140,7478073
150.0,samuel,slattery,141.0,martley circuit,,ingleburn,2611.0,qld,19961128.0,20.0,02 65895918,4510636,samul,slattery,141.0,martley circuit,,ingleburn,2611.0,qld,19961128.0,20.0,02 65895918,4510636
151.0,chelsea,henderson,17.0,,,ferntree gully,2560.0,nsw,19060806.0,32.0,08 87612320,8936079,chelsea,henderson,17.0,,,ferntree gully,2569.0,nsw,19060806.0,32.0,08 87612320,8936079
152.0,jake,wilson,18.0,altson circuit,,mapleton,6110.0,vic,19820120.0,27.0,03 95789465,7532446,jake,wilson,18.0,altson circuit,,mapleon,6110.0,vic,19820120.0,27.0,03 95789465,7532446
153.0,jack,sewerle,74.0,curtain place,locn 1862,silvan,4007.0,vic,19391215.0,20.0,03 71103021,5568498,jack,sewerle,74.0,curtain place,locn 1862,silvan,4007.0,vic,19130224.0,20.0,03 71103021,5568498
154.0,emiily,mcevoy,279.0,rule street,,malanda,3350.0,nsw,19960822.0,32.0,03 22414088,7882904,emiily,mcevoy,279.0,rule steeet,,malanda,3350.0,nsw,19960822.0,32.0,03 22414088,7882904
155.0,desi,faust,11.0,launceston street,huondene,broadview,2774.0,sa,19251029.0,21.0,08 14319323,8444858,desi,faust,11.0,launceston street,huondene,broadview,2774.0,sa,19251029.0,21.0,08 14313923,8444858
156.0,aiden,lysewycz,67.0,pierces ck,,concord,2071.0,nsw,19900304.0,25.0,03 64678865,7360990,aiden,lysewycz,67.0,pierces ck,,concord,2071.0,nsw,19900304.0,25.0,03 64768865,7360990
157.0,kane,branford,87.0,mcclure street,,karratha,7109.0,,19440829.0,26.0,08 96264367,9863377,kane,branofrd,87.0,mcclure street,,karratha,7109.0,,19440829.0,26.0,08 96264367,9863377
158.0,bianca,holland,15.0,tooma place,,tewantin,2650.0,nsw,19080411.0,37.0,03 50457686,3247245,bianca,holland,15.0,tooma pltace,,tewantin,2650.0,nsw,19080411.0,37.0,03 50457686,3247245
159.0,alex,jones,18.0,albermarle place,,caulfield north,2148.0,,19210118.0,24.0,02 36051676,6594818,alex,jones,18.0,albermarle place,,caulfiele north,2148.0,,19210118.0,24.0,02 36051676,6594818
160.0,hattie,lunstedt,46.0,stone place,banyak,beaconsfield,4213.0,,19211219.0,28.0,03 83967580,9168546,hatwie,lunstedt,46.0,stone place,banyak,beaconsfield,4213.0,,19211219.0,28.0,03 83967580,9168546
161.0,benjamin,gray,9.0,o'reilly street,golden grove,armidale,4152.0,sa,19750821.0,,08 83416653,1224928,benjamin,gray,9.0,o'reilly street,golden grove,armidale,4152.0,sa,19750821.0,,,1224928
162.0,fergus,driessen,4.0,newdegate street,ridgelands,box hill south,3825.0,qld,19930521.0,29.0,02 14188965,7478769,fergus,driessen,4.0,newdegate street,ridgelands,box hill south,3825.0,qld,19930121.0,29.0,02 14188965,7478769
163.0,joel,bartsch,38.0,namadgi circuit,,broulee,2222.0,nsw,,31.0,04 73409884,2172969,joel,bartsch,38.0,namadgi circuit,,broulee,2222.0,nsw,,31.0,07 20963285,2172969
164.0,zack,wright,12.0,elimatta street,the knoll cottage,agnes water,3057.0,qld,19120524.0,32.0,08 00331292,4744502,zack,wright,12.0,elimatta street,,agnes water,3057.0,qld,19120524.0,32.0,08 00331292,4744502
165.0,elly,mcguiness,20.0,burrinjuck crescent,,toowoomba,4157.0,nsw,19920818.0,27.0,07 73779050,3988880,elly,mcguiness,20.0,burrinjuck crescent,,toowoomba,4157.0,nss,19920818.0,27.0,07 73779050,3988880
166.0,jessica,phillips,949.0,haddon street,chapman valley,edmonton,820.0,vic,19621017.0,,03 65706891,6788329,jessie,phillips,949.0,haddon street,chapman valley,edmonton,820.0,vic,19621017.0,,03 65706891,6788329
167.0,jamie,brennan,53.0,bass garden,adelene court,tatura,2107.0,vic,19260822.0,39.0,03 99989978,6464156,jamie,brennan,53.0,bass garden,adelene court,tatura,2107.0,vic,19370102.0,39.0,03 99989978,6464156
168.0,samantha,heylen,28.0,birdwood street,,eaton,4051.0,nsw,19510222.0,26.0,02 80789988,4911779,samantha,heylen,28.0,birdwood xstreet,,eaton,4051.0,nsw,19510222.0,26.0,02 80789988,4911779
169.0,alex,kavanagh,11.0,bural court,,woorim,2732.0,vic,19510207.0,,08 73374577,7479167,alex,kavanagh,11.0,bural court,,woorim,2732.0,vic,19510267.0,,08 73374577,7479167
170.0,beau,turner,75.0,,yarrandale moonee,birmingham gardens,2234.0,,,37.0,03 63943975,9153713,beau,tur ner,75.0,,yarrandale moonee,birmingham gardens,2234.0,,,37.0,03 63943975,9153713
171.0,josephine,eva,5.0,dumas street,,south strathfield,3188.0,nsw,,,07 53183498,9519165,josephine,eva,5.0,dumas street,,south strathfield,3188.0,nsw,,,07 53183498,5233086
172.0,michael,hookway,8.0,mountain creek road,rsde 261,westleigh,3133.0,tas,19611101.0,29.0,08 23841560,7515588,michael,hookway,8.0,mountain crdeek road,rsde 261,westleigh,3133.0,tas,19611101.0,29.0,08 23841560,7515588
173.0,joshua,zaina,68.0,field street,,boyne island,4810.0,qld,19210122.0,,03 23756693,8074031,joshua,zaina,68.0,field street,,boyne island,4810.0,qld,19210142.0,,03 23756693,8074031
174.0,benjamin,egan,5.0,mcelhone court,,tin can bay,7019.0,vic,19150103.0,29.0,08 11870687,4927114,benji,egan,5.0,mcelhone court,,tin can bay,7019.0,vic,19150103.0,29.0,08 11870687,4927114
175.0,connor,brown,198.0,jeffcott place,quantock,blackmans bay,2000.0,nsw,19850716.0,,,8466831,connor,brown,198.0,jeffcotzt place,quantock,blackmans bay,2000.0,nsw,19850716.0,,,8466831
176.0,alissa,drumgoon,159.0,pridham street,,phillip bay,2484.0,vic,19070516.0,25.0,04 65400025,4003461,alissa,drumgoon,159.0,pridham street,,phillip bay,2484.0,vc,19070516.0,25.0,04 65400025,4003461
177.0,zachary,blakemore,4.0,foskett street,,hawthorn,7320.0,wa,19150713.0,25.0,04 54265340,3498079,zachariah,blakemore,4.0,foskett street,,hawthorn,7320.0,wa,19150713.0,25.0,04 54265340,3498079
178.0,jordan,saward,517.0,arabana street,,seven hills,6052.0,qld,19130912.0,34.0,04 10679488,5099857,jordan,saward,517.0,arabana street,,seven hills,6052.0,qld,19130912.0,34.0,04 10670488,5099857
179.0,pino,rogers,1.0,castleton crescent,dijoe station,highton,3187.0,qld,19280503.0,30.0,03 68220679,2262878,pino,rogers,1.0,castleton crescent,dijoe station,highton,3187.0,qld,19280503.0,30.0,03 68220679,2262808
180.0,jacob,spilsbury,7.0,galbu place,lowan palms,ulverstone,2648.0,vic,19410913.0,,03 53537021,3644521,jacob,spilsaury,7.0,galbu place,lowan palms,ulverstone,2648.0,vic,19410913.0,,03 53537021,3644521
181.0,james,sorella,28.0,alberga street,budderoo,alphington,5114.0,vic,19260524.0,,07 94979446,6618777,james,sorella,27.0,alberga street,budderoo,alphington,5114.0,vic,19260524.0,,07 94979446,6618777
182.0,mikayla,elding,21.0,marsden street,pindara medical centre,rowville,2641.0,vic,19390504.0,35.0,03 98308727,5165520,mikayla,elding,21.0,marsden street,,rowville,2641.0,vic,19390504.0,35.0,03 98308727,5165520
183.0,indyana,spain,1.0,alabaster street,gildercliffe mews,ferntree gully,3174.0,nt,19961007.0,16.0,02 74194240,6791347,indyqna,spain,1.0,alabaster street,gildercliffe mews,ferntree gully,3174.0,nt,19961007.0,16.0,02 74194240,6791347
184.0,thomas,connellan,357.0,bunny street,,ballarat,4157.0,act,,,03 19884515,3073014,thomas,connellan,357.0,bunny street,,ballarat,4157.0,act,,,03 19884515,3073104
185.0,rhys,atkinson,34.0,mccubbin street,,bonnet bay,3019.0,tas,19870317.0,,07 56328268,7229274,rhys,atkinson,34.0,mccubbin street,,bonnet bay,3019.0,tas,19870217.0,,07 56328268,7229274
186.0,annabel,liu,21.0,daley crescent,the springs,hawthorn,3825.0,qld,19330710.0,29.0,02 88032053,8570053,annabel,liu,21.0,daley rescent,the springs,hawthorn,3825.0,qld,19330710.0,29.0,02 88032053,8570053
187.0,benjamin,ikic,8.0,woodgate street,,harvey,2094.0,qld,19000214.0,31.0,04 26973087,3545730,benjamin,ikic,1.0,woodgate street,,harvey,2094.0,qld,19000214.0,31.0,04 26973087,3545730
188.0,holly,ortlepp,23.0,patten street,noonameena,chelsea heights,6059.0,sa,19041231.0,33.0,02 04116888,5807981,hglly,ortlepp,23.0,patten street,noonameena,chelsea heights,6059.0,sa,19041231.0,33.0,02 04116888,5807981
189.0,ridley,bryant,58.0,the national capital private hospital,yanburra station street,ellenbrook,6104.0,nsw,19070203.0,33.0,,9165315,ridley,bryant,58.0,the national capital private hospital,yanburra station street,ellenbrook,6104.0,nsw,19074203.0,33.0,,9165315
190.0,cameron,jankovic,26.0,wakefield avenue,airton,mount barker,3030.0,,19260816.0,39.0,07 81631854,4355071,cameron,jankovic,26.0,wakefield avenue,airton,mount barker,3030.0,,,39.0,07 81631854,4355071
191.0,logan,hall,19.0,banner street,,blacktown,2880.0,,19220627.0,25.0,03 24977436,9190696,logan,hall,16.0,banner street,,blacktown,2880.0,,19220627.0,25.0,03 24977436,9190696
192.0,bailey,graham,9.0,bavay place,,oak park,3187.0,wa,19360617.0,22.0,02 84458954,6120575,bailey,grahzm,9.0,bavay place,,oak park,3187.0,wa,19360617.0,22.0,02 84458954,6120575
193.0,jassim,berry,61.0,hillebrand street,,maroochydore,2611.0,vic,19460224.0,33.0,02 79448976,9537270,jassm,berry,61.0,hillebrand street,,maroochydore,2611.0,vic,19460224.0,33.0,02 79448976,9537270
194.0,emiily,dunning,48.0,croton street,bundaberg specialist centre,woodcroft,2023.0,,19810110.0,24.0,02 77254694,6093453,emiily,dunning,48.0,croton street,bundaberg specialist centre,woodcrvft,2023.0,,19810110.0,24.0,02 77254694,6093453
195.0,thomas,edwards,34.0,fergusson crescent,,mitcham,2100.0,sa,19030113.0,24.0,04 88348589,4944561,thomas,edwards,34.0,fergusson crescent,,mitcham,2100.0,sa,19030113.0,24.0,04 88348589,4944516
196.0,jacob,,15.0,temperley street,,rochedale south,2000.0,vic,19431002.0,28.0,04 01347209,2468720,jacob,,12.0,temperley street,,rochedale south,2000.0,vic,19431002.0,28.0,04 01347209,2468720
197.0,sophie,lethbridge,25.0,lincoln close,,oakleigh,3166.0,nsw,19140425.0,32.0,08 57586003,5415029,sophie,lethbrkdge,25.0,lincoln close,,oakleigh,3166.0,nsw,19140425.0,32.0,08 57586003,5415029
198.0,jacinta,king,18.0,temperley street,,chester hill,7306.0,nsw,19710410.0,24.0,02 93689010,4261094,jacinta,king,18.0,temperley street,,chester hill,7306.0,nsw,19710410.0,24.0,02 93689010,4261049
199.0,benjamin,russack,198.0,hawkesbury crescent,,coogee,3976.0,vic,19630525.0,18.0,08 16858840,5513012,bennie,russack,198.0,hawkesbury crescent,,coogee,3976.0,vic,19630525.0,18.0,08 16858840,5513012
200.0,liam,heffernan,150.0,,the potteries,scamander,6064.0,qld,,35.0,07 38976406,3756150,liam,heffernan,150.0,,,scamander,6064.0,qld,,35.0,07 38976406,3756150
201.0,paul,archibald,6.0,kissane crescent,kookaburra vlge,jannali,2448.0,vic,19990411.0,19.0,08 08217510,3226122,paul,archobald,6.0,kissane crescent,kookaburra vlge,jannali,2448.0,vic,19990411.0,19.0,08 08217510,3226122
202.0,michael,dean,113.0,templeton street,,alexandra headland,5091.0,sa,19330409.0,,04 83097687,3189376,micah,dean,113.0,templeton street,,alexandra headland,5091.0,sa,19330409.0,,04 83097687,3189376
203.0,jemima,meins,11.0,marsh place,,lidcombe,2594.0,qld,19581222.0,26.0,02 01538542,2205916,jemima,meins,11.0,marsh place,,judds creek,2594.0,qld,19581222.0,26.0,02 01538542,2205916
204.0,benjamin,albrecht,943.0,angas street,,inverell,2259.0,,19370214.0,,04 11672693,3427691,benjamin,albrecht,943.0,angas street,,inverel,2259.0,,19370214.0,,04 11672693,3427691
205.0,cooper,rogers,11.0,wilkins street,,dubbo,6061.0,sa,19660131.0,39.0,03 08002511,8674288,cooper,rogers,11.0,wilkins street,,dubbo,6061.0,sa,19660161.0,39.0,03 08002511,8674288
206.0,tara,trapman,24.0,levien street,,little hartley,4818.0,qld,19180815.0,27.0,02 04960270,7634377,tara,trapman,24.0,levien street,,little hartley,4818.0,qld,19180895.0,27.0,02 04960270,7634377
207.0,kiana,williams,120.0,morant circuit,doonabri,adamstown heights,2230.0,,19961123.0,30.0,03 89656365,9852387,kiana,williams,120.0,morant circuit,,adamstown heights,2230.0,,19961123.0,30.0,03 89656365,9852387
208.0,jessica,dowd,28.0,aspinall street,,aldinga beach,3181.0,nsw,,25.0,,2481294,jessica,dowd,28.0,aspinall street,,aldinga beach,3181.0,bsw,,25.0,,2481294
209.0,montana,edson,19.0,currong street,,halifax,2090.0,,19620712.0,33.0,02 29414773,1597960,montanna,edson,19.0,currong street,,halifax,2090.0,,19620712.0,33.0,02 29414773,1597960
210.0,oscar,giles,563.0,cockburn street,quambatook,kings meadows,3070.0,,19111117.0,,04 75008545,8690460,oscar,giles,563.0,cockburnlstreet,quambatook,kings meadows,3070.0,,19111117.0,,04 75008545,8690460
211.0,callum,delany,26.0,benson crescent,balanie,higgins,4035.0,,19970123.0,30.0,07 96477091,9808265,callum,delany,26.0,benson crescent,balanie,higgins,4035.0,,19970123.0,34.0,07 96477091,9808265
212.0,,burford,60.0,amherst street,,lalor,2074.0,qld,19130908.0,29.0,08 79085344,1226673,,burford,60.0,amherst street,,lalor,2074.0,qld,19130008.0,29.0,08 79085344,1226673
213.0,jacob,paton,68.0,alarmon crescent,,bellara,2021.0,nsw,19950701.0,28.0,02 72673237,2469595,jacob,paton,68.0,alarmon crrscent,,bellara,2021.0,nsw,19950701.0,28.0,02 72673237,2469595
214.0,toby,kelly,29.0,vasey crescent,glynnlee,zillmere,4077.0,act,19870331.0,33.0,02 70430263,9499620,toby,kelly,29.0,vasey crescent,glynnlee,zillmere,4707.0,act,19870331.0,33.0,02 70430263,9499620
215.0,brigette,long,3.0,richmond avenue,,eungai,2010.0,nsw,,24.0,08 76921534,8708544,brigette,long,3.0,richmond aienue,,eungai,2010.0,nsw,,24.0,08 76921534,8708544
216.0,sam,walden,29.0,fullagar crescent,box farm,biggera waters,3021.0,vic,,32.0,08 35573836,6599374,sa,walden,29.0,fullagar crescent,box farm,biggera waters,3021.0,vic,,32.0,08 35573836,6599374
217.0,olivia,miels,55.0,bingle street,,ashwood,5291.0,nsw,19830910.0,,07 37549876,8572402,olivia,miels,55.0,bingle street,,ashwood,5291.0,nw,19830910.0,,07 37549876,8572402
218.0,kyle,turner,42.0,eggleston crescent,,imbil,3934.0,vic,19290317.0,27.0,04 97533402,9549615,kyle,turner,42.0,eggleston crescent,,imbil,3934.0,vic,,27.0,04 97533402,9549615
219.0,renee,van der,65.0,napier close,,port noarlunga,3450.0,nsw,19061009.0,42.0,03 93031039,9655500,renee,van der,65.0,napier close,,port noarlunga,3450.0,nsw,19061009.0,42.0,03 93031039,9655600
220.0,cooper,blazevic,99.0,weavell place,broadlands est,,6147.0,vic,19640928.0,19.0,04 86518666,9818960,cooper,blazevic,5.0,weavell place,broadlands est,,6147.0,vic,19640928.0,19.0,04 86518666,9818960
221.0,brooke,,4.0,ridley street,,morisset,6432.0,qld,19210621.0,24.0,04 26109294,7828545,brooke,,4.0,ridley street,,morisset,6432.0,qld,19210651.0,24.0,04 26109294,7828545
222.0,daniel,purdy,8.0,lawrence close,valetta station,wynnum west,2192.0,qld,19510908.0,25.0,03 14285278,8049581,daniel,purdy,8.0,lawrence close,valetta station,wynnum west,2192.0,qld,19510908.0,25.0,04 05186329,8049581
223.0,rachel,branford,13.0,sugarloaf circuit,granite view,herne hill,6028.0,qld,19450619.0,30.0,04 43791764,6910086,rachel,branford,13.0,sugarloaf circuit,granite view,herne hill,6028.0,qld,19450619.0,30.0,04 43791764,6910486
224.0,alexander,rolke,11.0,mckillop circuit,,dundas,3878.0,qld,19920520.0,26.0,07 09128330,2638311,alexnder,rolke,11.0,mckillop circuit,,dundas,3878.0,qld,19920520.0,26.0,07 09128330,2638311
225.0,sean,radonic,3.0,bambridge street,medical centre,dardanup,3175.0,qld,19240405.0,24.0,08 50399206,3160818,sean,radonc,3.0,bambridge street,medical centre,dardanup,3175.0,qld,19240405.0,24.0,08 50399206,3160818
226.0,kristen,cross,41.0,george street,,smeaton grange,2000.0,,19650127.0,29.0,04 51467340,5732219,kristen,cross,41.0,george street,,smeaton grange,2000.0,wa,19650127.0,29.0,04 51467340,5732219
227.0,trent,sulzberger,1.0,wanganeen avenue,,gympie,6026.0,sa,19421226.0,,04 56191928,7964959,trent,sulzberger,1.0,wanganeenhavenue,,gympie,6026.0,sa,19421226.0,,04 56191928,7964959
228.0,luke,perrey,4.0,priddle street,,fitzroy,6060.0,nsw,19890203.0,34.0,04 44205208,2395148,luke,perrey,4.0,priddle street,,fitzroy,6060.0,nsw,19890203.0,39.0,04 44205208,2395148
229.0,elly,brearley,30.0,fairfax street,talonmane,stafford heights,2650.0,,19740112.0,29.0,04 50787878,3967314,elly,brearoey,30.0,fairfax street,talonmane,stafford heights,2650.0,,19740112.0,29.0,04 50787878,3967314
230.0,harriet,swindler,3.0,buckley circuit,,noble park,3941.0,wa,19341017.0,34.0,07 84043005,4874973,harriet,swindler,3.0,buckley circuit,,noble park,3941.0,,19341017.0,34.0,07 84043005,4874973
231.0,william,miels,34.0,carruthers street,,llannarth,2041.0,nsw,19911210.0,,07 76598603,5979560,william,miels,34.0,carruthers street,,llanmarth,2041.0,nsw,19911210.0,,07 76598603,5979560
232.0,amy,giffard,43.0,aston crescent,wattle ridge farm,enfield,7250.0,qld,19801101.0,25.0,07 26085688,8372089,amy,giffard,43.0,aston crescent,wattle farm ridge,enfield,7250.0,qld,19801101.0,25.0,07 26085688,8372089
233.0,thomas,verryt,6.0,hale crescent,,doncaster east,4069.0,tas,19810823.0,,03 86113039,8042104,thomas,verryt,6.0,hale crescent,,doncaster east,4096.0,tas,19810823.0,,03 86113039,8042104
234.0,mitchell,bailey,30.0,lyle place,,george town,7321.0,nsw,19180316.0,31.0,02 30520898,3854662,mitchell,bailey,30.0,lyle place,,george town,7321.0,nsw,19180316.0,31.0,02 30420898,3854662
235.0,jayden,coulthard,25.0,alexander street,lazy acre,warilla,4226.0,qld,19500721.0,37.0,07 43447196,3069764,jayden,coulthard,25.0,alexander street,lazy acre,warilla,4226.0,qld,19500711.0,37.0,07 43447196,3069764
236.0,damien,richards,25.0,chevalier street,,mount gambier,3128.0,tas,19580305.0,26.0,03 11766336,7008819,damien,richards,25.0,chevalief street,,mount gambier,3128.0,tas,19580305.0,26.0,03 11766336,7008819
237.0,michael,mason,9.0,chipperfield circuit,,,5049.0,nsw,,35.0,02 22296931,2767665,michael,mason,9.0,chipperfield circuit,,,5094.0,nsw,,35.0,02 22296931,2767665
238.0,keegan,gillespie,235.0,morrell place,morning star,euroa,2671.0,nsw,19810706.0,31.0,02 44252808,3095399,keegan,giloespie,235.0,morrell place,morning star,euroa,2671.0,nsw,19810706.0,31.0,02 44252808,3095399
239.0,alyssa,brandis,126.0,free place,,dalby,3106.0,sa,19111112.0,24.0,08 56247404,5369799,alyssa,brandis,126.0,free place,,dalby,3106.0,sb,19111112.0,24.0,08 56247404,5369799
240.0,phoebe,hagedorn,64.0,chandler street,araluen,kedron,2303.0,qld,19901213.0,,04 33250791,3109954,phoebe,hagedorn,64.0,chandler street,araluen,kedro,2303.0,qld,19901213.0,,04 33250791,3109954
241.0,samuel,carney,,gadali crescent,,altona meadows,3020.0,nsw,19860614.0,,02 65398197,2656402,samuel,carney,,gadali cescent,,altona meadows,3020.0,nsw,19860614.0,,02 65398197,2656402
242.0,jayde,hood,43.0,vagabond crescent,,inverell,3202.0,tas,19381119.0,22.0,02 02753094,9897671,jayde,hood,43.0,vagabond crescent,,inverell,3202.0,tas,19381119.0,22.0,02 02753094,1119402
243.0,fyynlay,muegel,20.0,fossey street,,flying fish point,2262.0,vic,19950422.0,22.0,02 55059617,5434461,fynlay,muegel,20.0,fossey street,,flying fish point,2262.0,vic,19950422.0,22.0,02 55059617,5434461
244.0,paige,martin,37.0,hakea crescent,,new norfolk,4215.0,tas,19140830.0,33.0,07 35310328,4148387,page,martin,37.0,hakea crescent,,new norfolk,4215.0,tas,19140830.0,33.0,07 35310328,4148387
245.0,jordan,mitchell,,rosman circuit,,gloucester,3272.0,tas,19081029.0,25.0,08 10063537,5667131,jordan,mitchell,,rosman circuit,donside,gloucester,3272.0,tas,19081029.0,25.0,08 10063537,5667131
246.0,marcus,darcey,33.0,hennessy street,redhill,birkdale,3151.0,tas,19950827.0,21.0,02 32078605,6842474,marvus,darcey,33.0,hennessy street,redhill,birkdale,3151.0,tas,19950827.0,21.0,02 32078605,6842474
247.0,emiily,stitt,22.0,federal highway,,toowoomba,3021.0,,19940101.0,29.0,07 27192714,3982035,emiily,stitt,22.0,federal highway,,toowoomba,3021.0,,19940101.0,29.0,07 27292714,3982035
248.0,talia,lapuz,27.0,,,prospect,5050.0,nsw,19760901.0,37.0,08 74261323,3155606,talia,lapuz,27.0,,,prospect,5050.0,nsw,19760901.0,37.0,08 74261323,3151606
249.0,annalise,mair,4.0,dexter street,,yarraville,3108.0,sa,,31.0,07 55166002,3015522,annalise,mair,1.0,dexter street,,yarraville,3108.0,sa,,31.0,07 55166002,3015522
250.0,george,foley,20.0,beasley street,,loxton north,2539.0,wa,19971211.0,21.0,08 12316255,3554590,george,foley,20.0,beasley street,,loxton nouth,2539.0,wa,19971211.0,21.0,08 12316255,3554590
251.0,jakob,,2.0,,west break,woodridge,3163.0,vic,19030828.0,28.0,04 87040366,9443239,jakou,,2.0,,west break,woodridge,3163.0,vic,19030828.0,28.0,04 87040366,9443239
252.0,mia,koop,11.0,buller crescent,,pymble,2429.0,nsw,,37.0,08 28818800,5906054,mia,koop,11.0,buller crescent,,pymble,2429.0,nsw,,37.0,08 28818800,5906034
253.0,charlotte,brooks,416.0,paul coe crescent,,wellington,,qld,19020706.0,36.0,04 93320451,2658128,charlotte,brooks,416.0,paul coe cfescent,,wellington,,qld,19020706.0,36.0,04 93320451,2658128
254.0,ainsley,ward,24.0,boehm close,,durras lake,4211.0,vic,19350217.0,,02 18060880,7552082,ainsley,ward,24.0,close boehm,,durras lake,4211.0,vic,19350217.0,,02 18060880,7552082
255.0,zachary,kanhanouvong,7.0,healy place,belmont cottage,northam,4133.0,nsw,19701031.0,16.0,07 65472979,9818217,zachary,kanhanouvong,2.0,healy place,belmont cottage,northam,4133.0,nsw,19701031.0,16.0,07 65472979,9818217
256.0,jett,wiffen,4.0,berrell street,,karrinyup,2707.0,wa,19371128.0,35.0,08 13460226,8362691,jett,wiffen,4.0,berrellstreet,,karrinyup,2707.0,wa,19371128.0,35.0,08 13460226,8362691
257.0,toby,pedersen,46.0,garrad court,carinya,caulfield south,4519.0,nsw,19250719.0,27.0,04 10864036,5818205,toby,pedersen,46.0,garrad fourt,carinya,caulfield south,4519.0,nsw,19250719.0,27.0,04 10864036,5818205
258.0,jasmine,mchenry,8.0,tristania street,,tarragindi,6530.0,vic,19050718.0,38.0,03 93219558,7386221,jasmine,mchenry,8.0,tristania street,,tarragijdi,6530.0,vic,19050718.0,38.0,03 93219558,7386221
259.0,stephen,latham,21.0,hart close,,cronulla,2213.0,nsw,19901225.0,,08 69279809,3127053,stephen,latham,21.0,hart close,,cronulla,2213.0,nsw,19901225.0,,08 69279809,3127035
260.0,liam,johnson,266.0,simmons place,,kalamunda,3219.0,,19431204.0,36.0,04 44049174,5637571,liam,johnson,246.0,simmons place,,kalamunda,3219.0,,19431204.0,36.0,04 44049174,5637571
261.0,bailey,reid,7.0,myles connell crescent,myrtle dale,lithgow,3141.0,sa,,35.0,04 16842424,5407521,bailey,reid,7.0,myles connell crescent,myrtle dale,lithgow,3142.0,sa,,35.0,04 16842424,5407521
262.0,daniel,burkhardt,118.0,ina gregory circuit,myrtle vale,moonee ponds,4310.0,nsw,,24.0,07 43212084,6412554,daniel,burkhrdt,118.0,ina gregory circuit,myrtle vale,moonee ponds,4310.0,nsw,,24.0,07 43212084,6412554
263.0,tara,dellafortuna,6.0,foskett street,,lake grace,3931.0,vic,19930215.0,31.0,04 62508809,9026596,taea,dellafortuna,6.0,foskett street,,lake grace,3931.0,vic,19930215.0,31.0,04 62508809,9026596
264.0,sarah,clarke,8.0,kambalda crescent,,coleambally,3039.0,nsw,19810220.0,24.0,04 64726493,4770040,sarah,clarke,8.0,kambalda crescent,,coleambally,3039.0,nsw,19810620.0,24.0,04 64726493,4770040
265.0,kyle,marshall,891.0,sanderson close,,fairfield heights,3022.0,vic,19181109.0,30.0,07 96693510,2274407,kyle,marshall,895.0,sanderson close,,fairfield heights,3022.0,vic,19181109.0,30.0,07 96693510,2274407
266.0,cooper,gillick,23.0,templestowe avenue,,tully,2650.0,vic,19800117.0,22.0,02 20717061,2796886,cooper,gillick,23.0,templestowe avenue,,tully,2560.0,vic,19800117.0,22.0,02 20717061,2796886
267.0,madison,higgins,1.0,,rosedale,pooraka,3564.0,,,27.0,02 37051811,9062353,madison,higgins,1.0,,rosedale,pooraka,3564.0,,,38.0,02 37051811,9062353
268.0,emiily,treloar,86.0,longstaff street,,rye,2067.0,nsw,19861008.0,23.0,04 31252818,9771578,emiily,treloar,86.0,longstaff street,,rye,2067.0,nsw,19861008.0,23.0,04 31252818,4771148
269.0,yasmin,moller,29.0,guthridge crescent,whurlie stn,underwood,4213.0,,19880915.0,28.0,02 56909959,3390912,yasmin,moller,29.0,guthridge crescent,whurlie stn,underowod,4213.0,,19880915.0,28.0,02 56909959,3390912
270.0,carlin,young,2.0,tristania street,raywin,drouin,5608.0,vic,19990613.0,34.0,02 16370067,8460808,carlin,young,2.0,tristania street,raywin,drouin,5608.0,vic,19990613.0,34.0,02 78936576,8460808
271.0,aimee,yates,5.0,fourth street,sunrise,balgowlah heights,2446.0,vic,,29.0,03 37451587,4753046,aimee,yates,2.0,fourth street,sunrise,balgowlah heights,2446.0,vic,,29.0,03 37451587,4753046
272.0,harvey,matthew,1013.0,tauss place,,christies beach,3204.0,qld,19411102.0,26.0,07 32466455,7304563,harvey,matthew,1013.0,tauss place,,christies beach,3204.0,qld,19412102.0,26.0,07 32466455,7304563
273.0,blake,mengersen,6.0,julia flynn avenue,,belmont,2327.0,nsw,19300707.0,,03 80274187,1513412,blake,mengersen,6.0,julia flynm avenue,,belmont,2327.0,nsw,19300707.0,,03 80274187,1513412
274.0,henry,jones,158.0,hinkler street,,richmond,6055.0,vic,19520429.0,,08 80456676,5668719,henru,jones,158.0,hinkler street,,richmond,6055.0,vic,19520429.0,,08 80456676,5668719
275.0,thomas,,39.0,tiegs place,,berwick,3355.0,nsw,19881201.0,30.0,04 15775523,1974785,thomas,,39.0,tiegs place,,berwck,3355.0,nsw,19881201.0,30.0,04 15775523,1974785
276.0,chelsea,delany,26.0,rossarden street,aprt 18 the village,mount waverley,2000.0,,19740911.0,32.0,07 59095260,7348339,chelsea,delany,26.0,rossarden street,aprt 18 the village,mount waverley,2000.0,,19740191.0,32.0,07 59095260,7348339
277.0,sachin,smith,5.0,belah street,,ryde,2148.0,nt,19200531.0,30.0,03 73256482,9204138,sachin,smith,5.0,belah street,,ryde,2148.0,nt,19200531.0,3.0,03 73256482,9204138
278.0,zachary,stanford,4.0,wybalena grove,sect 341,beechworth,6028.0,nsw,19110830.0,24.0,03 07161761,2611651,zachary,stanford,4.0,wybalena grove,sect 341,beechworth,6028.0,nswe,19110830.0,24.0,03 07161761,2611651
279.0,emiily,mcgrath,122.0,mount vernon drive,st james village,everton park,4655.0,nsw,19440616.0,30.0,02 85966508,5857173,emiily,mcgrath,122.0,mount vernon drive,st james village,everton park,4655.0,nsw,19440616.0,30.0,02 85966308,5857173
280.0,teagan,davies,32.0,beal place,,tooloom,4105.0,sa,19681020.0,31.0,04 13247517,2381608,teagan,davies,32.0,beal plsce,,tooloom,4105.0,sa,19681020.0,31.0,04 13247517,2381608
281.0,cooper,mcmahon,14.0,currong street,,ermington,5107.0,nsw,,,,6064353,cooper,mcmahon,140.0,currong street,,ermington,5107.0,nsw,,,,6064353
282.0,emiily,byrne,11.0,simpson street,,tepco,2287.0,nsw,19950629.0,19.0,03 49715871,5146986,emiily,byrne,11.0,simpson street,,tepcbo,2287.0,nsw,19950629.0,19.0,03 49715871,5146986
283.0,leah,sherlock,129.0,symers street,,charters towers,4720.0,,19921226.0,,04 03790660,5146743,leah,sherlock,129.0,symers tsreet,,charters towers,4720.0,,19921226.0,,04 03790660,5146743
284.0,lachlan,macor,178.0,andado place,hithergreen homestead,mitcham,6065.0,nsw,19301106.0,27.0,03 92518694,8141677,lachlan,macor,178.0,andado place,,mitcham,6065.0,nsw,19301106.0,27.0,03 92518694,8141677
285.0,elly,tarud-kuborn,116.0,,,warnbro,3123.0,nsw,19860524.0,34.0,02 03516562,7654919,elly,tarud-kuborn,116.0,,,warnbro,3123.0,nsw,19860524.0,,02 03516562,7654919
286.0,jasper,pawley,407.0,sproule circuit,villa 79,bogangar,3685.0,nsw,19780611.0,32.0,04 53234019,1132265,jasper,pawley,407.0,sproule circuit,,bogangar,3685.0,nsw,19780611.0,32.0,04 53234019,1132265
287.0,harry,grundel,20.0,jaeger circuit,bellview,applecross,6020.0,nsw,19781128.0,29.0,03 57842506,2398974,harry,grundel,20.0,jaeger circuit,,applecross,6020.0,nsw,19781128.0,29.0,03 57842506,2398974
288.0,liam,morton,7.0,hansen circuit,,padstow,2480.0,sa,19960710.0,24.0,03 92146202,8683453,liam,morton,7.0,hansen ciruit,,padstow,2480.0,sa,19960710.0,24.0,03 92146202,8683453
289.0,liam,tilbrook,,hyndes crescent,,mount barker,3121.0,tas,19290705.0,20.0,04 38049429,4741873,liam,tilbrook,,hyndes crescent,,barker mount,3121.0,tas,19290705.0,20.0,04 38049429,4741873
290.0,natalia,thompson,41.0,roebuck street,pretoria,atherton,2230.0,vic,19620607.0,,02 73041390,5179371,natalia,thompson,41.0,roebuck street,pretoria,atherton,2230.0,vic,19260607.0,,02 73041390,5179371
291.0,tiana,freeman,39.0,barnes place,riverlnds village,corryong,3198.0,vic,19040202.0,,04 59204166,7117095,tiana,freeman,39.0,barnesplace,riverlnds village,corryong,3198.0,vic,19040202.0,,04 59204166,7117095
292.0,bayden,drenth,47.0,augustus close,,hallett,2358.0,nsw,19270409.0,25.0,02 45939003,9796589,bayden,drenth,47.0,augustus close,,halett,2358.0,nsw,19270409.0,25.0,02 45939003,9796589
293.0,samantha,dixon,8.0,halford crescent,,hackham,2031.0,wa,19330514.0,26.0,08 68165855,3085357,samantha,dixon,8.0,halford crescent,,hackham,2031.0,wu,19330514.0,26.0,08 68165855,3085357
294.0,caitlin,holder,68.0,costello circuit,,dirranbandi,4703.0,,,30.0,,5549935,caitlin,holder,68.0,costellolcircuit,,dirranbandi,4703.0,,,30.0,,5549935
295.0,chelsea,cooper,360.0,webb place,,westcourt,4220.0,wa,19821130.0,28.0,03 43401218,6086149,chelsea,cooper,360.0,webb place,,westcourt,4220.0,ws,19821130.0,28.0,03 43401218,6086149
296.0,max,langdon,20.0,madigan street,lucaya,blackmans bay,3084.0,nsw,19930520.0,,02 21206495,9942926,max,langdon,25.0,madigan street,lucaya,blackmans bay,3084.0,nsw,19930520.0,,02 21206495,9942926
297.0,jacob,brinkworth,89.0,archdall street,,capalaba,5491.0,wa,19151101.0,,08 13827793,3585847,jacob,brinkworth,89.0,archdall itreet,,capalaba,5491.0,wa,19151101.0,,08 13827793,3585847
298.0,alannah,wilson,120.0,reed street,,o'connor,,sa,19730402.0,23.0,03 81385861,9166462,alannah,wilson,120.0,reed street,,o'connor,,sa,19730402.0,,03 81385861,9166462
299.0,taylor,korytkowski,10.0,ashkanasy crescent,ferncliff,maleny,2640.0,sa,19060105.0,30.0,02 80000491,3811619,taylor,korytkowski,10.0,ashkanasy crescent,ferncliff,maleny,2640.0,sa,19060105.0,30.0,02 80700491,3811619
300.0,madison,brewer,32.0,khull crescent,apt 64b,charlestown,2120.0,qld,19010328.0,,03 76585677,9687156,madison,brewer,32.0,khull crescent,apt 64b,charlestown,2120.0,qld,19010328.0,,03 76584677,9687156
301.0,charlize,roche,107.0,mimosa close,,woree,2263.0,vic,19470921.0,27.0,02 91989727,4257974,charlize,roche,1067.0,mimosa close,,woree,2263.0,vic,19470921.0,27.0,02 91989727,4257974
302.0,troy,proposch,11.0,streeter place,,keilor downs,3182.0,nsw,19820715.0,28.0,02 92732395,4096636,troy,proposch,11.0,tozer place,,keilor downs,3182.0,nsw,19820715.0,28.0,02 92732395,4096636
303.0,fraser,clarke,48.0,helemon street,amaroo retirement vlge,hendon,2094.0,,19871219.0,,04 88449306,2037078,fraser,clarke,48.0,helemon street,,hendon,2094.0,,19871219.0,,04 88449306,2037078
304.0,thomas,rawlings,31.0,stretton crescent,,west hobart,3046.0,tas,19460407.0,34.0,04 91958709,2227326,thomas,rawlings,32.0,stretton crescent,,west hobart,3046.0,tas,19460407.0,34.0,04 91958709,2227326
305.0,hamish,stellmacher,79.0,popplewell place,,tweed heads south,5074.0,vic,19120107.0,32.0,08 02261100,2556226,hamish,stellmacher,79.0,popplewell place,,tweed heqds south,5074.0,vic,19120107.0,32.0,08 02261100,2556226
306.0,thomas,harben,62.0,hopegood place,dp 668989,rockhampton,4670.0,wa,19410513.0,31.0,03 49047403,1583195,thomas,harben,62.0,hopegood place,dp 668989,rockhapton,4670.0,wa,19410513.0,31.0,03 49047403,1583195
307.0,briony,davies,10.0,rosella street,collingrove stud,gladstone,4068.0,vic,19330823.0,28.0,03 53938929,7065233,briony,davies,17.0,rosella street,collingrove stud,gladstone,4068.0,vic,19330823.0,28.0,03 53938929,7065233
308.0,jacob,wragg,42.0,lewis luxton avenue,,corryong,3939.0,sa,19590427.0,30.0,04 46065424,2525720,jacob,wragg,42.0,lewis luxton avenue,,corryong,3939.0,sa,19590427.0,30.0,04 46065424,2525740
309.0,nellie,richards,53.0,summerland circuit,old cowcumbla,thornlie,3688.0,nsw,19510414.0,33.0,02 50726654,6819012,nellie,richards,5.0,summerland circuit,old cowcumbla,thornlie,3688.0,nsw,19510414.0,33.0,02 50726654,6819012
310.0,haylee,baldetti,3.0,guilfoyle street,rosebank,hughesdale,5063.0,sa,19870109.0,29.0,02 95171284,2857203,haylee,baldetti,3.0,guilfoyle street,rosebank,hughesdale,5063.0,sa,19870109.0,29.0,02 95117284,2857203
311.0,deakyn,bond,59.0,hicks street,,wagga wagga,5290.0,qld,19511118.0,27.0,02 89526067,9201130,deayn,bond,59.0,hicks street,,wagga wagga,5290.0,qld,19511118.0,27.0,02 89526067,9201130
312.0,d'arcy,silcox,4.0,guthridge crescent,,berwick,3016.0,tas,19520729.0,21.0,07 32467214,8279983,d'arcy,silcox,4.0,guthridge crescent,,berwick,3016.0,tas,19520799.0,21.0,07 32467214,8279983
313.0,kate,hyrycz,11.0,william hudson crescent,,tempe,2715.0,,19530411.0,23.0,07 25766723,8643904,kate,hyrycz,11.0,william hudson crescent,,tempe,2715.0,,19530411.0,,07 25766723,8643904
314.0,max,dyer,31.0,marconi crescent,langa court,penrith,2229.0,qld,19400704.0,,03 52044911,3420599,max,dyer,31.0,marconi crescent,langa court,penrith,2229.0,qld,19400704.0,,03 52044911,5687606
315.0,andrea,hastings,172.0,lennon place,,carramar,4213.0,nsw,,,02 96768845,3888412,andrza,hastings,172.0,lennon place,,carramar,4213.0,nsw,,,02 96768845,3888412
316.0,riley,sleath,23.0,longstaff street,watalgan,langwarrin,4220.0,nsw,19530302.0,35.0,07 20172786,8658809,riley,sleath,23.0,longstaff street,,langwarrin,4220.0,nsw,19530302.0,35.0,07 20172786,8658809
317.0,tarshya,mathewson,12.0,,,hamlyn heights,6021.0,nsw,19150603.0,36.0,07 61316116,2627381,tarshya,mathewson,12.0,,,hamlyn heights,6021.0,nsw,19150630.0,36.0,07 61316116,2627381
318.0,teegan,notley,4.0,clark close,,charters towers,2827.0,nsw,19380601.0,35.0,03 67373058,2516426,teesan,notley,4.0,clark close,,charters towers,2827.0,nsw,19380601.0,35.0,03 67373058,2516426
319.0,annabel,mansueto,14.0,warby place,,yarram,7306.0,nsw,19280102.0,32.0,04 96494103,5446869,annabel,mansueto,78.0,warby place,,yarram,7306.0,nsw,19280102.0,32.0,04 96494103,5446869
320.0,mitchell,lawrence,7.0,stace place,,lindfield,2142.0,nsw,19310310.0,33.0,02 25328252,9164231,mitchell,lawrence,7.0,stace place,,lindfield,2142.0,nsw,19310310.0,33.0,02 25382252,9164231
321.0,james,gibb,21.0,bow place,,keysborough,5174.0,qld,19160515.0,31.0,04 40993465,1220885,james,gibb,21.0,bow place,,keysboruogh,5174.0,qld,19160515.0,31.0,04 40993465,1220885
322.0,nacoya,rowe,5.0,colvin street,,teneriffe,2482.0,nsw,19920825.0,26.0,02 73759706,3075307,nacoya,rowe,5.0,colvin street,,teneriffe,2482.0,nss,19920825.0,26.0,02 73759706,3075307
323.0,eva,butcher,97.0,davidson street,doughboy hill (rmb 50),queenscliff,3714.0,qld,19370324.0,24.0,08 53046982,4338084,eva,butcher,97.0,davidsonstreet,doughboy hill (rmb 50),queenscliff,3714.0,qld,19370324.0,24.0,08 53046982,4338084
324.0,kadin,wales,17.0,du faur street,,attadale,6018.0,act,19000117.0,37.0,07 03249291,4080258,kadin,wales,17.0,du faur street,,attadale,6018.0,act,19000117.0,37.0,07 03249291,4082058
325.0,jackson,excell,20.0,railway street,,derby,2096.0,vic,19670110.0,,03 95875801,2476003,jackson,excel,20.0,railway street,,derby,2096.0,vic,19670110.0,,03 95875801,2476003
326.0,james,yardley,6.0,allchin circuit,,bomaderry,2075.0,nsw,19981127.0,27.0,03 96864625,2269512,james,yardley,6.0,allchin circuit,,bomaderry,2075.0,nsw,19220329.0,27.0,03 96864625,2269512
327.0,jasmine,watts,2.0,ennor crescent,,cockatoo,4128.0,sa,19720620.0,31.0,07 57904381,6857601,jasmine,watts,2.0,ennor crescent,,cockatoo,4128.0,s,19720620.0,31.0,07 57904381,6857601
328.0,aleisha,marschall,252.0,alexandra street,willowbrook,mudgee,4572.0,nsw,19261130.0,,07 96783536,4538839,aleisha,marschall,252.0,alexandra street,willowbrook,mudgee,4572.0,nsw,,,07 96783536,4538839
329.0,jesse,montfort,11.0,findlay street,albany creek exch,ashfield,3185.0,vic,19060912.0,,,7537308,jesse,montgort,11.0,findlay street,albany creek exch,ashfield,3185.0,vic,19060912.0,,,7537308
330.0,joshua,styles,23.0,pankhurst crescent,cheshire,cherrybrook,6030.0,vic,19050920.0,22.0,07 14974315,4324621,joshua,styles,2.0,pankhurst crescent,cheshire,cherrybrook,6030.0,vic,19050920.0,22.0,07 14974315,4324621
331.0,matisse,norton,21.0,gruner street,lochburn,narromine,,vic,19780505.0,37.0,07 29184634,6685170,matisse,norton,12.0,gruner street,lochburn,narromine,,vic,19780505.0,37.0,07 29184634,6685170
332.0,,cresswell,7.0,fink crescent,halivale station,lane cove,2765.0,vic,19970305.0,30.0,02 74955707,1316225,,cresswell,7.0,fink crscent,halivale station,lane cove,2765.0,vic,19970305.0,30.0,02 74955707,1316225
333.0,mark,kirwan,11.0,powlett street,mayberry farm,hurstville,2209.0,nsw,19060608.0,32.0,02 25321891,5637267,mark,kirawan,11.0,powlett street,mayberry farm,hurstville,2209.0,nsw,19060608.0,32.0,02 25321891,5637267
334.0,phoebe,lewis,2.0,wyatt street,,north gooburrum,2575.0,nsw,19290212.0,25.0,,9963973,phoebe,lewis,2.0,wyatt street,,north gooburrum,5275.0,nsw,19290212.0,25.0,,9963973
335.0,tahlia,martin,16.0,empire circuit,,eastern heights,3338.0,nsw,19311229.0,32.0,07 17384403,5710637,tahlia,martin,16.0,empire circuit,,eastern heights,3338.0,nxw,19311229.0,32.0,07 17384403,5710637
336.0,carla,harris,3.0,,lyndon lodge,penguin,3196.0,,19180610.0,36.0,04 95686973,1771502,carla,harris,3.0,,,penguin,3196.0,,19180610.0,36.0,04 95686973,1771502
337.0,harrison,pratt,38.0,fred lane crescent,novotel palm cove,nakara,6014.0,nsw,19480926.0,34.0,02 33399629,4220170,harrison,pratt,38.0,fred lane crdscent,novotel palm cove,nakara,6014.0,nsw,19480926.0,34.0,02 33399629,4220170
338.0,jared,,12.0,belah street,university shores,newport,3030.0,vic,19721202.0,30.0,,3157383,jared,,12.0,belah street,university shores,newport,3030.0,vic,19721202.0,30.0,,3157386
339.0,thomas,miles,5.0,mainoru place,,red hill,3250.0,nsw,19360107.0,,07 55898928,6670459,thomas,miles,5.0,mainoru place,,red hill,3250.0,nsw,19360107.0,,07 55898928,6670359
340.0,ella,kelly,3.0,dowling street,robina shopping village,rosebery,2134.0,wa,19241129.0,,08 92437550,8542307,ella,kelly,3.0,dowling street,robina shopping village,rosebery,2134.0,wa,19241129.0,,08 92473550,8542307
341.0,christopher,galpin,8.0,hann street,meadowlands,wyalong,5091.0,wa,19470719.0,25.0,04 36731352,7029835,christopher,galpin,8.0,hann street,meadowlands,wyalong,,wa,19470719.0,25.0,04 36731352,7029835
342.0,ruby,edwards,4.0,noble place,,red cliffs,2731.0,qld,19480924.0,35.0,07 59525524,3893340,ella,edwards,4.0,noble place,,red cliffs,2731.0,qld,19480924.0,35.0,07 59525524,3893340
343.0,savannah,karbowniczek,5.0,wuruma place,,st andrews,3082.0,sa,19320121.0,35.0,07 20961344,6224834,savannah,karbowniczek,5.0,wuruma place,,st andrews,3082.0,sa,19320121.0,35.0,07 20951344,6224834
344.0,timothy,lynch,67.0,maidment place,lara park,beldon,5341.0,nsw,19551124.0,27.0,04 69366404,7791092,timothy,lynch,67.0,maidment place,lara park,beldon,5341.0,nsw,19551924.0,27.0,04 69366404,7791092
345.0,tiana,karandakis,1.0,cockle street,locn 6357,turramurra,2010.0,vic,,29.0,03 22432781,7453487,tiaza,karandakis,1.0,cockle street,locn 6357,turramurra,2010.0,vic,,29.0,03 22432781,7453487
346.0,sophie,ahretis,,molloy crescent,aged care hostel,maffra,,sa,19081015.0,28.0,04 89763690,6273876,sophie,ahretks,,molloy crescent,aged care hostel,maffra,,sa,19081015.0,28.0,04 89763690,6273876
347.0,xavier,evans,62.0,goldner circuit,,mildura,,nsw,19261003.0,19.0,04 02381456,7049205,xavier,evans,62.0,goldner circuit,,mildura,,nsw,19261003.0,19.0,04 01381456,7049205
348.0,madison,roach,100.0,carnall close,the pines,palmerston,4810.0,vic,,27.0,08 29628216,4318643,madison,roach,100.0,carnall close,the pines,palmerston,4810.0,vif,,27.0,08 29628216,4318643
349.0,ambrosia,marshall,2.0,captain cook crescent,flt 208,seven hills,4285.0,wa,19650724.0,28.0,03 53659432,4356271,ambrosia,marshall,2.0,captain colk crescent,flt 208,seven hills,4285.0,wa,19650724.0,28.0,03 53659432,4356271
350.0,joshua,dodson,16.0,templeton street,,alexander heights,2264.0,nsw,19280630.0,34.0,08 95104881,9608919,joshua,dodson,16.0,templeton street,,alexander heights,2264.0,nsw,19290630.0,34.0,08 95104881,9608919
351.0,ethan,king,60.0,bushby place,,nicholls,3720.0,sa,19790722.0,38.0,07 80642256,7582746,ethan,kign,60.0,bushby place,,nicholls,3720.0,sa,19790722.0,38.0,07 80642256,7582746
352.0,emiily,glover,8.0,mather street,wattle valley,west woodville,4226.0,nsw,19600328.0,28.0,04 33371405,9001382,emiily,glover,8.0,mather street,wattle valley,west woodville,4226.0,nw,19600328.0,28.0,04 33371405,9001382
353.0,lucas,little,169.0,paul coe crescent,,mount hawthorn,2871.0,qld,,,04 31934236,6841307,lucas,little,169.0,paul coe rescent,,mount hawthorn,2871.0,qld,,,04 31934236,6841307
354.0,alex,ryan,7.0,creswell street,,hurstville,7250.0,nsw,19841118.0,,04 11870461,8375700,alex,ryaj,7.0,creswell street,,hurstville,7250.0,nsw,19841118.0,,04 11870461,8375700
355.0,,manning,29.0,vagabond crescent,camelot banana farm,quedjinup,4109.0,wa,19480521.0,,08 95299273,7509539,,manning,29.0,vagabond crescent,,quedjinup,4109.0,wa,19480521.0,,08 95299273,7509539
356.0,james,levez,48.0,meares place,spencers brook,winston hills,2780.0,qld,19560218.0,23.0,07 16411905,4668376,james,levex,48.0,meares place,spencers brook,winston hills,2780.0,qld,19560218.0,23.0,07 16411905,4668376
357.0,riley,thomsen,45.0,broadby close,,cowaramup,2075.0,vic,19691113.0,37.0,04 82146946,2173095,riley,thomsen,45.0,broadby close,,cowaramup,2075.0,vic,19140930.0,37.0,04 82146946,2173095
358.0,ambrosia,flaubert,114.0,gledden street,the mews,mariginiup,3330.0,nsw,19620218.0,29.0,03 88256451,5272204,ambrosia,flaubert,114.0,appel crescent,the mews,mariginiup,3330.0,nsw,19620218.0,29.0,03 88256451,5272204
359.0,ridley,reeves,23.0,mortlock circuit,,denison,3777.0,nsw,19990807.0,,08 01089062,6741952,ridley,reeves,23.0,mortlock circuit,,denison,3777.0,nsw,19998007.0,,08 01089062,6741952
360.0,eva,eldridge,20.0,halfrey circuit,gainsbury (cnr waldegrove r road,belrose,2049.0,qld,19341203.0,30.0,04 46694016,5586336,eva,eldridge,29.0,halfrey circuit,gainsbury (cnr waldegrove r road,belrose,2049.0,qld,19341203.0,30.0,04 46694016,5586336
361.0,lachlan,searcy,2.0,brimage place,,carina heights,3806.0,wa,19560528.0,25.0,04 07439186,5230008,lachlan,searcy,9.0,brimage place,,carina heights,3806.0,wa,19560528.0,25.0,04 07439186,5230008
362.0,william,reardon,55.0,nambucca street,edilia,gosnells,2000.0,qld,19580826.0,21.0,07 16174693,9141544,wilfiam,reardon,55.0,nambucca street,edilia,gosnells,2000.0,qld,19580826.0,21.0,07 16174693,9141544
363.0,,mcglasson,22.0,atkinson street,,wantirna,2262.0,vic,19240423.0,34.0,03 90362025,7420176,,mcglssson,22.0,atkinson street,,wantirna,2262.0,vic,19240423.0,34.0,03 90362025,7420176
364.0,charlotte,deboer,22.0,dexter street,coralyn,buderim,3215.0,nsw,19690628.0,39.0,07 32310980,4600852,charlotte,deboer,22.0,dexter ktreet,coralyn,buderim,3215.0,nsw,19690628.0,39.0,07 32310980,4600852
365.0,daen,brown,39.0,,,latrobe,2299.0,nsw,19020529.0,34.0,04 10898548,8347743,daen,brown,39.0,,,latrobe,2299.0,nsw,19002529.0,34.0,04 10898548,8347743
366.0,timothy,soave,215.0,hugh mckay crescent,p m cottage,narrogin,3498.0,,19850403.0,24.0,08 58939481,6873138,timothy,soave,215.0,hugh mckay crescent,p m cottage,narrogin,3498.0,,19850403.0,,08 58939481,6873138
367.0,lily,bailey,2.0,cullen street,,hampton park,3138.0,qld,19740923.0,24.0,08 64509284,1995865,lily,bailey,2.0,cullen street,,hampton park,3138.0,qld,19747923.0,24.0,08 64509284,1995865
368.0,harrison,mccarthy,101.0,,,glenormiston north,2518.0,qld,19420520.0,32.0,04 55563196,4091900,harrison,mccarthy,101.0,,,glenormiston north,2518.0,qld,19420520.0,32.0,04 55563196,4091090
369.0,charlie,marwaha,27.0,luxor,,browns plains,2506.0,vic,19311123.0,35.0,03 29837823,6595998,charlie,marwaha,27.0,luxor,,browns plains,2506.0,vic,19311123.0,35.0,03 29837823,6590998
370.0,holly,hamer,15.0,stow place,,taylors lakes,2320.0,vic,,29.0,04 81969156,8791824,holly,hamer,14.0,stow place,,taylors lakes,2320.0,vic,,29.0,04 81969156,8791824
371.0,ciaran,bannister,2.0,follett street,,narwee,870.0,nsw,19191210.0,,03 26431877,7192098,ciaran,bannister,2.0,follett street,,narwee,870.0,nsv,19191210.0,,03 26431877,7192098
372.0,isabella,butler,23.0,fisk street,nareen garden,nulkaba,2261.0,vic,19321122.0,25.0,02 59503268,8760755,isabella,butler,23.0,fisk street,nareen garden,nulkaba,2261.0,vic,19321122.0,25.0,02 59503268,8769755
373.0,michael,wallace,37.0,jarvis place,,vincentia,2576.0,qld,19010226.0,21.0,02 02951328,4122210,michael,wallace,37.0,jarvis olace,,vincentia,2576.0,qld,19010226.0,21.0,02 02951328,4122210
374.0,saskia,milham,70.0,tazewell circuit,lake side,wallacia,2619.0,nsw,19760316.0,23.0,,2561620,saskia,milham,70.0,tazewell circuit,lake side,wallacia,2619.0,nsw,19760316.0,40.0,,2561620
375.0,thomas,dimas,27.0,,,albion park rail,4019.0,nsw,19880618.0,21.0,02 46807461,9109212,thomas,dimas,27.0,,gormans lane,albion park rail,4019.0,nsw,19880618.0,21.0,02 46807461,9109212
376.0,ryan,brabin,3.0,william hudson crescent,,wallumbilla,3930.0,nsw,19860828.0,28.0,07 46646120,3166011,ryan,brabin,3.0,william hudson crescent,,wallumbilla,3930.0,nsw,19868028.0,28.0,07 46646120,3166011
377.0,lara,karic,51.0,belconnen way,,galston,2145.0,vic,19851216.0,24.0,07 36427483,5804313,lara,,51.0,belconnen way,,galston,2145.0,vic,19851216.0,24.0,07 36427483,5804313
378.0,shannon,sullivan,50.0,durack street,,castle hill,4211.0,qld,19721209.0,,08 08828883,9794635,shannon,sullivan,50.0,durack street,,castel hill,4211.0,qld,19721209.0,,08 08828883,9794635
379.0,peter,andersson,12.0,solomon crescent,scoth college,wembley downs,2582.0,qld,,36.0,04 52944477,8530335,pyter,andersson,12.0,solomon crescent,scoth college,wembley downs,2582.0,qld,,36.0,04 52944477,8530335
380.0,zac,lownsborough,328.0,rubbo crescent,,nickol,3977.0,nsw,19561213.0,,08 25305537,6235009,zac,lownsborough,328.0,rubbo ctescent,,nickol,3977.0,nsw,19561213.0,,08 25305537,6235009
381.0,madeline,berling,20.0,folingsby street,,hobart,6060.0,sa,,31.0,07 06611228,1292605,madelyn,berling,20.0,folingsby street,,hobart,6060.0,sa,,31.0,07 06611228,1292605
382.0,monique,quick,24.0,hawker street,,mount warrigal,4007.0,qld,19380710.0,28.0,08 80700019,3935039,monique,quock,24.0,hawker street,,mount warrigal,4007.0,qld,19380710.0,28.0,08 80700019,3935039
383.0,matthew,slape,9.0,lawrence close,,chinchilla,5125.0,tas,,28.0,02 38200279,3634687,matthew,slape,,lawrence close,,chinchilla,5125.0,tas,,28.0,02 38200279,3634687
384.0,erin,mccullagh,2.0,illingworth street,,kingsgrove,2221.0,nsw,19421107.0,,03 35180184,1998200,erin,mccullagh,2.0,illingworth street,,kingstrove,2221.0,nsw,19421107.0,,03 35180184,1998200
385.0,alicia,roscrow,,deloraine street,,rooty hill,2810.0,vic,,37.0,08 27498461,7206311,alicia,roscrow,,deloraine street,,rooty hill,2810.0,vic,,37.0,08 23498461,7206311
386.0,jemma,ross,25.0,barrington crescent,,sarsfield,2112.0,sa,19940721.0,38.0,03 93621190,9102471,jemma,ross,25.0,barrington crescent,,sarsfield,2112.0,sa,19940721.0,33.0,03 93621190,9102471
387.0,harrison,vogt,18.0,,,sunbury,2320.0,,,,,5475945,harrison,vogt,18.0,,,sunbury,2320.0,,,,,5475940
388.0,holly,johnson,21.0,gatton street,peak downs mine,bayview,5012.0,vic,19781127.0,32.0,,8199458,holly,johnson,21.0,gatton treet,peak downs mine,bayview,5012.0,vic,19781127.0,32.0,,8199458
389.0,gracie,gioffre,32.0,britten-jones drive,midlands terrace,bayonet head,2227.0,nsw,19580316.0,30.0,08 87237015,2541118,gracie,gioffre,32.0,britten-jonxs drive,midlands terrace,bayonet head,2227.0,nsw,19580316.0,30.0,08 87237015,2541118
390.0,tori,harper,5.0,fitzhardinge crescent,,boronia,2444.0,vic,19831112.0,32.0,02 31788677,5566832,tori,harper,9.0,fitzhardinge crescent,,boronia,2444.0,vic,19831112.0,32.0,02 31788677,5566832
391.0,emiily,scott,,nangor street,,hornsby heights,3189.0,vic,19260621.0,27.0,08 09580100,7022076,emiily,scott,,nangor street,,hornsby heights,3189.0,vic,19260621.0,27.0,02 62412618,7022076
392.0,simone,harris,24.0,macrossan crescent,yalca,port kembla,7330.0,nsw,19290609.0,29.0,,4343316,simone,harris,24.0,macrossan crescent,yalca,port kembla,7330.0,nsw,19290609.0,26.0,,4343316
393.0,emma,dunn,11.0,macgregor street,murray park,ulmarra,3104.0,,19010531.0,25.0,02 24022632,9907336,emma,dunn,1.0,macgregor street,murray park,ulmarra,3104.0,,19010531.0,25.0,02 24022632,9907336
394.0,james,gardner,8.0,magennis place,,barwon heads,2036.0,sa,19320203.0,,,1953475,james,gardner,8.0,magennis place,,barwon heads,2038.0,sa,19320203.0,,,1953475
395.0,kailey,david,35.0,mckillop circuit,blueberry farm est,templestowe,2161.0,tas,19741230.0,,03 47462084,1830017,kailey,david,35.0,mckillop circuit,blueberryfarm est,templestowe,2161.0,tas,19741230.0,,03 47462084,1830017
396.0,georgia,matthews,10.0,paterson street,,wangaratta,5091.0,wa,19771120.0,25.0,07 29355950,7399142,georgia,matthews,10.0,paterson street,,wangaratta,5091.0,wa,19717120.0,25.0,07 29355950,7399142
397.0,lachlan,elliott,,barlow street,windarah,minyip,3340.0,nsw,19800214.0,30.0,03 90723006,1525450,lachlan,elliott,,barlow street,,minyip,3340.0,nsw,19800214.0,30.0,03 90723006,1525450
398.0,jacqueline,spartalis,12.0,hamelin crescent,flt 7,bowen,4034.0,act,19011113.0,26.0,07 10379276,8303646,jacqueline,spartalis,12.0,hamelin ctescent,flt 7,bowen,4034.0,act,19011113.0,26.0,07 10379276,8303646
399.0,coby,petras,28.0,allara street,henry kendall village,caulfield south,5109.0,vic,19360831.0,32.0,08 41458954,4466389,coby,petras,23.0,allara street,henry kendall village,caulfield south,5109.0,vic,19360831.0,32.0,08 41458954,4466389
400.0,talia,,10.0,savige street,,croydon park,2250.0,qld,19730926.0,27.0,03 34844642,4247128,talia,,10.0,savige st reet,,croydon park,2250.0,qld,19730926.0,27.0,03 34844642,4247128
401.0,jasmin,procter,15.0,port jackson circuit,the haven,kingsford,2675.0,,19951224.0,31.0,02 57109338,3335553,jasmin,procter,15.0,port jackson circuit,the haven,kingsford,2677.0,,19951224.0,31.0,02 57109338,3335553
402.0,lucy,palma,19.0,tauss place,lynwood,harriet,3269.0,vic,19630902.0,33.0,08 03042815,5365671,lucy,palma,19.0,tauss place,lynwood,harriet,3269.0,vic,19639002.0,33.0,08 03042815,5365671
403.0,tasman,ward,4.0,fryans place,highland valley est,nerang,3631.0,nsw,19380915.0,36.0,08 89204293,1304200,tasman,ward,4.0,fryansnplace,highland valley est,nerang,3631.0,nsw,19380915.0,36.0,08 89204293,1304200
404.0,holly,otieno,7.0,cockle street,ravenscraig,gympie,2066.0,nsw,19420627.0,26.0,08 39007552,2305502,holly,otieno,6.0,cockle street,ravenscraig,gympie,2066.0,nsw,19420627.0,26.0,08 39007552,2305502
405.0,emiily,dove,49.0,pickworth street,,maroubra,2340.0,nsw,19770210.0,36.0,04 58402072,8577908,emiily,dobe,49.0,pickworth street,,maroubra,2340.0,nsw,19770210.0,36.0,04 58402072,8577908
406.0,jaden,phillis,312.0,green street,phyliss stewart house,somerville,3195.0,nsw,19961008.0,26.0,02 56926091,2226562,jaden,phillis,312.0,green street,phyliss stewart house,somerville,3195.0,nsw,19961008.0,26.0,02 56926591,2226562
407.0,abbey,jacobson,1116.0,proby place,,melbourne,2038.0,vic,19970513.0,,07 33596173,8370934,abbey,jacobson,1116.0,proby place,,melbourne,2038.0,vic,19970513.0,,07 33956173,8370934
408.0,xepheren,purton,32.0,marcus clarke street,,watchupga,5082.0,nsw,19290102.0,37.0,07 50117979,1825683,xepheren,purton,32.0,marcus clarke street,,watchupga,5087.0,nsw,19290102.0,37.0,07 50117979,1825683
409.0,riley,lafferty,92.0,keverstone circuit,,white rock,5600.0,vic,19240428.0,25.0,04 40093454,2313053,riley,lafferty,92.0,keverstone circuit,,white rock,5600.0,vic,19240428.0,26.0,04 40093454,2313053
410.0,charlie,warhurst,80.0,mokoan place,glenwood,capalaba,3152.0,nsw,19821016.0,22.0,02 59372247,5504186,chatlie,warhurst,80.0,mokoan place,glenwood,capalaba,3152.0,nsw,19821016.0,22.0,02 59372247,5504186
411.0,isobel,kocz,120.0,unaipon avenue,,gowrie mountain,3070.0,qld,19180316.0,27.0,,2736287,isobel,koczi,120.0,unaipon avenue,,gowrie mountain,3070.0,qld,19180316.0,27.0,,2736287
412.0,georgia,winger,15.0,chaseling street,st vincent medical centre,clayton south,3233.0,vic,19540709.0,40.0,03 35866138,8082474,georgia,winger,15.0,chaseling street,st vincent medical centre,clayton south,3233.0,vicy,19540709.0,40.0,03 35866138,8082474
413.0,nathan,radin,176.0,gallagher street,yarra junction,reservoir,3912.0,qld,19500419.0,35.0,02 64019527,5019610,nathan,radin,176.0,gallagher street,yarra junction,reservoir,3912.0,qld,19509419.0,35.0,02 64019527,5019610
414.0,hannah,harris,601.0,minehan place,,wantirna,2526.0,vic,19900725.0,21.0,02 00801035,9355821,hannah,harris,601.0,minehan rplace,,wantirna,2526.0,vic,19900725.0,21.0,02 00801035,9355821
415.0,noah,reynolds,100.0,drysdale circuit,,coolum beach,3084.0,tas,19920123.0,,02 96066797,8506346,noah,reynolds,100.0,drysdale circuit,,coolum beach,3084.0,tss,19920123.0,,02 96066797,8506346
416.0,joel,morgante,35.0,percy crescent,,camden park,2527.0,nsw,19110405.0,38.0,07 66776195,8929851,joel,morgante,35.0,percy crescent,,camden park,2521.0,nsw,19110405.0,38.0,07 66776195,8929851
417.0,madeline,gallant,26.0,sid barnes crescent,the meadows,werribee,2450.0,vic,19180515.0,39.0,02 66997660,9798103,madeline,gallant,26.0,sid barnes crescent,the meadows,werribee,2450.0,voc,19180515.0,39.0,02 66997660,9798103
418.0,joshua,natt,10.0,allman circuit,,alexander heights,2453.0,nsw,19710331.0,38.0,03 33851389,7631066,joshua,natt,10.0,allman circuit,,alexander heights,2453.0,nsw,19713031.0,38.0,03 33851389,7631066
419.0,isabella,arnold,8.0,hinkler street,,four mile creek,3810.0,qld,19841228.0,32.0,03 51272524,5977025,isabella,arnold,8.0,hinkler street,,four mile tcreek,3810.0,qld,19841228.0,32.0,03 51272524,5977025
420.0,sebastian,pearce,50.0,lavery place,,devonport,4558.0,tas,19010212.0,,08 71744011,4001630,sebastian,pearse,50.0,lavery place,,devonport,4558.0,tas,19010212.0,,08 71744011,4001630
421.0,amy,grieve,8.0,mackenzie street,mount york,horningsea park,6155.0,nsw,19600717.0,36.0,02 03293749,7702995,amy,grieve,8.0,mackenzie street,mount york,horningsea park,6155.0,nsw,19600717.0,36.0,02 03239749,7702995
422.0,ruby,geddes,35.0,chuculba crescent,,new lambton,5045.0,vic,19911127.0,23.0,04 71863428,9481069,rubh,geddes,35.0,chuculba crescent,,new lambton,5045.0,vic,19911127.0,23.0,04 71863428,9481069
423.0,danielle,filipi,8.0,holden crescent,wymea park,warrnambool,2289.0,,19310115.0,,08 29275636,3960338,danienle,filipi,8.0,holden crescent,wymea park,warrnambool,2289.0,,19310115.0,,08 29275636,3960338
424.0,cameron,bergin,94.0,knaggs crescent,,freeling,2537.0,vic,19450822.0,,08 42831047,9690071,cameron,bergin,94.0,knaggs frescent,,freeling,2537.0,vic,19450822.0,,08 42831047,9690071
425.0,brigitte,daniels,43.0,culgoa circuit,glenearra,wonthaggi,2230.0,nsw,19000613.0,,07 80334553,8055984,brigitte,daniels,40.0,culgoa circuit,glenearra,wonthaggi,2230.0,nsw,19000613.0,,07 80334553,8055984
426.0,simone,leaney,140.0,mckeahnie street,,boronia,4819.0,qld,19240304.0,37.0,02 94035315,8145030,simone,leaney,140.0,mckeahnie street,,boronia,4819.0,qld,19240304.0,37.0,02 94035315,8145300
427.0,katelin,turner,34.0,lidgett place,eclipse creek,randwick,5109.0,nsw,19941214.0,34.0,03 38262297,4097771,katelin,turner,34.0,lidgett place,,randwick,5109.0,nsw,19941214.0,34.0,03 38262297,4097771
428.0,nacoya,braunack,19.0,mitta place,sunny valley,tempe,3083.0,sa,19710318.0,29.0,03 68648986,8677871,nacoya,braunack,19.0,mitta place,sunny valley,tempe,3083.0,sa,19710368.0,29.0,03 68648986,8677871
429.0,konstantinos,ivory,27.0,knoke avenue,,bassendean,2341.0,sa,19301011.0,29.0,04 32398666,4520256,konstantunos,ivory,27.0,knoke avenue,,bassendean,2341.0,sa,19301011.0,29.0,04 32398666,4520256
430.0,jye,mcfee,51.0,duffy street,,geelong east,4132.0,,19170516.0,,07 79365739,6953978,jye,mcfee,52.0,duffy street,,geelong east,4132.0,,19170516.0,,07 79365739,6953978
431.0,shelby,piscitelli,243.0,leven street,orana,cobram,4352.0,nsw,19770209.0,31.0,04 04557273,4530599,matthew,piscitelli,243.0,leven street,orana,cobram,4352.0,nsw,19770209.0,31.0,04 04557273,4530599
432.0,kaitlyn,tong,15.0,denny street,camboon,semaphore park,2160.0,qld,19640915.0,,03 52587229,3881343,kaitlyn,tong,14.0,denny street,camboon,semaphore park,2160.0,qld,19640915.0,,03 52587229,3881343
433.0,elle,hyde,6.0,spigl street,,tinana,5341.0,vic,19280415.0,30.0,04 23508597,9127097,elle,hyde,6.0,spigl street,cobbareena,tinana,5341.0,vic,19280415.0,30.0,04 23508597,9127097
434.0,amber,reichelt,109.0,staaten crescent,,ambleside,2650.0,nsw,19830324.0,35.0,03 10860556,9030806,amber,reichelt,109.0,staaten crescent,,ambleside,2650.0,nsw,19830324.0,35.0,03 10860556,9030086
435.0,brooklyn,hampton,10.0,william hudson crescent,,waikiki,4370.0,nt,19350426.0,26.0,07 95145371,5468729,brooklyn,hampton,10.0,william hudson crescent,,waikiki,4370.0,nt,19350426.0,26.0,07 95245371,5468729
436.0,dale,rowley,14.0,,thornbury house,wudinna,3015.0,vic,19000418.0,32.0,02 10026051,8941994,dale,rowley,14.0,,thornbury house,wudinna,3015.0,vic,19000418.0,33.0,02 10026051,8941994
437.0,reeve,herbert,26.0,tiptree crescent,,toowoomba,3043.0,qld,19280513.0,33.0,,4587316,reeve,herhert,26.0,tiptree crescent,,toowoomba,3043.0,qld,19280513.0,33.0,,4587316
438.0,alessandria,close,16.0,chippindall circuit,alchemy,west ryde,6158.0,nsw,19210910.0,35.0,02 10691402,2966424,alessandria,close,16.0,chippindall circuit,alchemy,west ryde,6158.0,nsw,19210910.0,35.0,02 10791402,2966424
439.0,phoebe,paltos,42.0,kosciusko avenue,,dunsborough,3070.0,nsw,19960813.0,27.0,08 18690983,2063887,phoebe,paltos,42.0,kosciusko avenue,,dunsborough,3070.0,nsw,19960813.0,27.0,08 18690983,2063878
440.0,matilda,white,27.0,streeton drive,,st albans park,6148.0,,19021024.0,29.0,04 65934005,2608972,mayilda,white,27.0,streeton drive,,st albans park,6148.0,,19021024.0,29.0,04 65934005,2608972
441.0,jared,o'neil,52.0,poynton street,cameroo,kambah,2026.0,qld,19460712.0,26.0,04 37753011,6770861,jared,o'neil,52.0,poynton street,cameroo,kambah,2026.0,qld,19460712.0,26.0,04 37750011,6770861
442.0,jayden,walton,18.0,yambina crescent,tambara,greenmount,2322.0,nsw,19120908.0,25.0,03 20861284,9436846,jayden,walton,18.0,yambina crescent,tambara,greenmount,2322.0,nsw,19120908.0,25.0,03 20866284,9436846
443.0,caitlin,hall,11.0,london circuit,the village apt 9,bulli,6056.0,tas,19400320.0,,03 52090199,2263698,caitlin,hall,11.0,london circuit,the village apt 9,bulli,6056.0,tas,19820831.0,,03 52090199,2263698
444.0,jordan,garcia,14.0,zox circuit,,seaham east,2528.0,nsw,19480309.0,32.0,07 57990617,8694139,jordan,garcia,14.0,zox circuit,,seaham east,2528.0,nsw,19480309.0,,07 57990617,8694139
445.0,xepheren,hardy,34.0,,,sydney,2034.0,nsw,,32.0,07 28231158,1999320,xepheren,hardy,34.0,,,sydeny,2034.0,nsw,,32.0,07 28231158,1999320
446.0,,woodward,6.0,dookie street,brahman stud,wauchope,3629.0,nsw,19801129.0,38.0,08 61635453,5032081,,woodward,6.0,dookie street,,wauchope,3629.0,nsw,19801129.0,38.0,08 61635453,5032081
447.0,eliza,heerey,3.0,kavel street,parrish,johns river,4108.0,,19490429.0,22.0,03 84031478,3400110,elinza,heerey,3.0,kavel street,parrish,johns river,4108.0,,19490429.0,22.0,03 84031478,3400110
448.0,kaysey,pastore,8.0,terewah circuit,,floreat,2250.0,nsw,19640618.0,30.0,02 69876169,7532003,kaysey,pasore,8.0,terewah circuit,,floreat,2250.0,nsw,19640618.0,30.0,02 69876169,7532003
449.0,blake,jordan,98.0,tewksbury circuit,,spearwood,6430.0,sa,19360207.0,39.0,02 67833565,7377944,blake,jordan,98.0,tewksbury nircuit,,spearwood,6430.0,sa,19360207.0,39.0,02 67833565,7377944
450.0,isabella,johnson,121.0,wheeler crescent,long pointvia,warranwood,4855.0,sa,,23.0,08 45000866,6397180,isabella,johnson,128.0,wheeler crescent,long pointvia,warranwood,4855.0,sa,,23.0,08 45000866,6397180
451.0,rebecca,dunsford,12.0,paul coe crescent,,st albans,3061.0,vic,19461119.0,28.0,,4570865,rebecac,dunsford,12.0,paul coe crescent,,st albans,3061.0,vic,19461119.0,28.0,,4570865
452.0,liam,ferri,2.0,heard street,concord hospital medical centre,clayton south,3055.0,nsw,19530717.0,33.0,08 34060180,8989942,liam,ferri,2.0,heard street,,clayton south,3055.0,nsw,19530717.0,33.0,08 34060180,8989942
453.0,harrison,gregory,23.0,irvine street,,,3345.0,nsw,19230423.0,30.0,04 53497259,7927611,harrison,greogry,23.0,irvine street,,,3345.0,nsw,19230423.0,30.0,04 53497259,7927611
454.0,harley,windebank,2237.0,ewart street,hse 187,bannockburn,2156.0,,19051023.0,,02 56433476,9074006,harley,windebank,2237.0,ewart street,hse 187,bannockburn,2156.0,,19710829.0,,02 56433476,9074006
455.0,emma,hill,7.0,mack street,wylie,keysborough,3068.0,nsw,19610212.0,35.0,07 98965811,3459205,emma,hill,5.0,mack street,wylie,keysborough,3068.0,nsw,19610212.0,35.0,07 98965811,3459205
456.0,cameron,o'brien,45.0,beilby place,,tiaro,2324.0,vic,19821002.0,25.0,03 72748957,6948266,cameron,o'brien,45.0,beilby place,tynedale cottage,tiaro,2324.0,vic,19821002.0,25.0,03 72748957,6948266
457.0,mia,brieger,59.0,murranji street,heritage,bicton,2022.0,sa,19610817.0,25.0,02 45666585,2291233,mia,brieger,59.0,murranji street,heritage,bicyton,2022.0,sa,19610817.0,25.0,02 45666585,2291233
458.0,riley,turley,30.0,harrison street,braeside,toowoomba,7275.0,nsw,19381008.0,,,1621677,riley,turley,30.0,harrison street,braesidz,toowoomba,7275.0,nsw,19381008.0,,,1621677
459.0,imogen,scull,49.0,le souef crescent,settle downs,hallam,2777.0,vic,,33.0,04 73268470,4634829,imogen,scull,49.0,le souef crescent,settle downs,hallam,7277.0,vic,,33.0,04 73268470,4634829
460.0,james,schoolderman,25.0,alpen street,,wynnum,4558.0,qld,19681007.0,21.0,04 86633474,5919671,james,schoolderman,26.0,alpen street,,wynnum,4558.0,qld,19681007.0,21.0,04 86633474,5919671
461.0,kenneth,lewis,603.0,florence taylor street,,ashmore,3218.0,sa,19120309.0,,03 04877177,4361925,kenneth,lews,603.0,florence taylor street,,ashmore,3218.0,sa,19120309.0,,03 04877177,4361925
462.0,mackinley,pitfield,77.0,chippindall circuit,locn 12146,montmorency,4510.0,wa,19440926.0,25.0,08 60049956,1030179,mackinley,pitfield,77.0,chippindall circuit,locn 12146,montmorency,4510.0,wa,19440926.0,26.0,08 60049956,1030179
463.0,isaac,day,5.0,,,medindie gardens,3031.0,vic,19900723.0,42.0,07 20282079,6018183,isaac,da y,5.0,,,medindie gardens,3031.0,vic,19900723.0,42.0,07 20282079,6018183
464.0,amy,potts,17.0,argyle place,pacid estate,elwood,5096.0,qld,,,02 63826579,4411550,amy,potts,17.0,argyle place,pacid estate,elwodd,5096.0,qld,,,02 63826579,4411550
465.0,harvey,maclean,144.0,mackaness place,lyndoch,gladstone,6333.0,nsw,19920921.0,30.0,03 36156886,4505025,harvey,maclean,144.0,mackaness place,lyndoch,gladstone,6333.0,nswd,19920921.0,30.0,03 36156886,4505025
466.0,teagan,medic,81.0,pendred street,wallamurra medical centre,parmelia,2135.0,,19361024.0,34.0,08 73426423,7876735,teagan,medic,81.0,pendred street,wallamurra me dical centre,parmelia,2135.0,,19361024.0,34.0,08 73426423,7876735
467.0,kayne,viney,73.0,leichhardt street,,fairfield west,6375.0,nsw,19930609.0,27.0,08 20198215,9016502,kayne,viney,37.0,leichhardt street,,fairfield west,6375.0,nsw,19930609.0,27.0,08 20198215,9016502
468.0,mia,hubbard,8.0,carslaw street,pinehurst,hobart,2021.0,vic,19160526.0,30.0,08 80420858,2214473,mia,hubbard,8.0,carslaw street,pinehurst,hobart,2021.0,,19160526.0,30.0,08 80420858,2214473
469.0,julia,stevens,35.0,heard street,,miranda,2122.0,vic,19800103.0,35.0,,1605546,julia,stevens,35.0,heard street,,mirada,2122.0,vic,19800103.0,35.0,,1605546
470.0,byron,earls,31.0,barber crescent,,avalon,4814.0,wa,19540420.0,,04 04249128,9019640,byron,earls,31.0,barber cfescent,,avalon,4814.0,wa,19540420.0,,04 04249128,9019640
471.0,emiily,wyles,29.0,kardang street,,laverton south,6076.0,qld,19000405.0,27.0,03 98569427,1349336,emiily,wylws,29.0,kardang street,,laverton south,6076.0,qld,19000405.0,27.0,03 98569427,1349336
472.0,,bennett,78.0,mactier place,,eastwood,4722.0,nsw,,25.0,07 65815512,1830612,,bennett,78.0,,,eastwood,4722.0,nsw,,25.0,07 65815512,1830612
473.0,dillon,baker,100.0,mackerras crescent,cambria,yorketown,2046.0,sa,19341204.0,26.0,08 60579261,6969645,dillon,baker,100.0,mackerras crescent,cambria,yorketown,2064.0,sa,19341204.0,26.0,08 60579261,6969645
474.0,hayley,page,4.0,abernethy street,,noble park,6171.0,qld,19591030.0,33.0,02 95941222,9080384,hayley,page,3.0,abernethy street,,noble park,6171.0,qld,19591030.0,33.0,02 95941222,9080384
475.0,sebastian,boucher,38.0,evella court,,blacktown,4810.0,,19400922.0,30.0,08 00744973,4654437,sebastian,boucher,38.0,evella court,,blacktown,4819.0,,19400922.0,30.0,08 00744973,4654437
476.0,annabel,oakes,21.0,bentham street,ballandoon,toodyay,4065.0,nsw,19700515.0,,03 59029371,9836068,annabel,oakes,21.0,bentham street,ballandoon,toodyay,4065.0,nsw,19700515.0,,03 59029371,9836078
477.0,cooper,sistea,16.0,edmond close,kalimna,stanmore,2530.0,nsw,19680523.0,36.0,04 47247155,1001230,cooper,sistea,16.0,edmond cose,kalimna,stanmore,2530.0,nsw,19680523.0,36.0,04 47247155,1001230
478.0,riley,kuts,3.0,beazley crescent,,newell,4680.0,,19830129.0,30.0,08 48618134,7454149,riley,kuts,3.0,beazley crescent,,newell,4689.0,,19830129.0,30.0,08 48618134,7454149
479.0,corey,leifheit,9.0,tinderry circuit,,millicent,2010.0,vic,19260812.0,,04 91893541,9767580,corey,leifheit,90.0,tinderry circuit,,millicent,2010.0,vic,19260812.0,,04 91893541,9767580
480.0,,churchley,22.0,maitland street,,hornsby,3393.0,nsw,19810303.0,28.0,,6020264,,churchley,22.0,maitland street,,hornsby,3393.0,nsw,19810703.0,28.0,,6020264
481.0,alexander,burge,146.0,horsley crescent,kingscliff veterinary clinic,bray park,3182.0,nsw,19720510.0,28.0,03 78499334,6759454,alexander,burgke,146.0,horsley crescent,kingscliff veterinary clinic,bray park,3182.0,nsw,19720510.0,28.0,03 78499334,6759454
482.0,caitlin,serk,7.0,james street,,,2627.0,vic,19991122.0,26.0,03 98623059,7212075,caitlin,serk,7.0,james street,,,2627.0,vic,19991128.0,26.0,03 98623059,7212075
483.0,benjamin,gatenby,153.0,rumker place,,south lake,,vic,19740128.0,30.0,07 99685653,7417851,benjamin,gatenby,154.0,rumker place,,south lake,,vic,19740128.0,30.0,07 99685653,7417851
484.0,jake,zacher,332.0,harcus close,elm vale,halifax,3206.0,wa,19610716.0,25.0,03 56809978,7121632,jake,zacher,332.0,harcus close,elm vale,halifax,3026.0,wa,19610716.0,25.0,03 56809978,7121632
485.0,nicholas,strachan,16.0,cromwell circuit,coolalie,werribee,3029.0,qld,19840707.0,36.0,04 91336295,9058774,nick,strachan,16.0,cromwell circuit,coolalie,werribee,3029.0,qld,19840707.0,36.0,04 91336295,9058774
486.0,emiily,collis,5.0,bungonia street,kimberly fields,flemington,2358.0,,19851019.0,,08 37669058,5977763,emiiky,collis,5.0,bungonia street,kimberly fields,flemington,2358.0,,19851019.0,,08 37669058,5977763
487.0,evan,griffiths,20.0,burnside street,,murray bridge,4212.0,,19960617.0,,07 81789574,4409233,evan,griffiths,20.0,burnside street,,murray bridge,4221.0,,19960617.0,,07 81789574,4409233
488.0,jye,montin,25.0,,,hampton park,3023.0,,,33.0,03 69098337,7948647,jye,montin,24.0,,,hampton park,3023.0,,,33.0,03 69098337,7948647
489.0,alexandra,,12.0,crichton crescent,,albert park,3461.0,wa,19221210.0,,04 00294100,8599477,alexandra,,12.0,crichton crescent,troy junction,albert park,3461.0,wa,19221210.0,,04 00294100,8599477
490.0,taylor,hawkins,20.0,madden place,lakeland carvn park,goodna,6009.0,nsw,19300228.0,38.0,04 96371451,2369353,taylor,hawkins,20.0,madden tlace,lakeland carvn park,goodna,6009.0,nsw,19300228.0,38.0,04 96371451,2369353
491.0,aidan,clark,19.0,irvine street,,mckail,6163.0,qld,19161209.0,,08 48810084,5982726,aidan,clark,19.0,irvinestreet,,mckail,6163.0,qld,19161209.0,,08 48810084,5982726
492.0,matthew,knight,8.0,maccallum circuit,,narre warren north,4415.0,qld,19350606.0,25.0,08 35106234,7614593,mathew,knight,8.0,maccallum circuit,,narre warren north,4415.0,qld,19350606.0,25.0,08 35106234,7614593
493.0,hannah,perkusic,15.0,victor place,caloundra garden,northwood,3453.0,wa,19330903.0,28.0,08 87478331,6112665,hannah,perkusic,15.0,victor place,caloundra garden,northwood,3452.0,wa,19330903.0,28.0,08 87478331,6112665
494.0,lynton,bunder,109.0,myles connell crescent,the dome,edithvale,2022.0,nsw,19030313.0,19.0,02 74215744,5026336,lynton,bunder,109.0,myles connell crescent,,edithvale,2022.0,nsw,19030313.0,19.0,02 74215744,5026336
495.0,chloe,hulsman,91.0,chevalley loop,,diamond creek,,wa,19390512.0,28.0,08 05183345,2234366,chloe,hulsnan,91.0,chevalley loop,,diamond creek,,wa,19390512.0,28.0,08 05183345,2234366
496.0,robert,klaebe,146.0,,kanya,kew,2214.0,,19700311.0,37.0,02 41035365,4890530,robert,klaebe,146.0,,kanya,kewe,2214.0,,19700311.0,37.0,02 41035365,4890530
497.0,georgia,anderson,16.0,clive steele avenue,mimosa,bassendean,2138.0,qld,,24.0,03 32873730,9499904,georgia,anderson,16.0,clive steele avenue,mimosa,basseneean,2138.0,qld,,24.0,03 32873730,9499904
498.0,amy,jan,68.0,cartwright street,,upper mount gravatt,3136.0,nsw,19550330.0,36.0,03 76869475,3219436,ay,jan,68.0,cartwright street,,upper mount gravatt,3136.0,nsw,19550330.0,36.0,03 76869475,3219436
499.0,joel,scarman,4.0,blackburn street,weetah cottage,berkeley vale,2144.0,vic,19730623.0,,04 36138433,5986456,joel,scarman,4.0,blackburnstreet,weetah cottage,berkeley vale,2144.0,vic,19730623.0,,04 36138433,5986456
